ym,BMATR,CODIS,COSTP,ENEGY,FINAN,HLTHC,INDUS,RLEST,TECNO,TELCM,UTILS
2009-02-01,-0.06530155588967021,-0.09492975765813191,-0.11409406328548075,-0.07780342358752108,-0.07120322795512857,-0.0689323405641354,-0.11861153549597946,-0.05049689718007738,0.013755413495313198,-0.04744137083756099,0.027050318116966024
2009-03-01,0.11518923591641521,0.24239899241545992,0.11309666301555764,0.13990460771251356,0.17035990726205658,0.12965636875518227,0.1809390106128761,0.2818342461467397,0.18838325332422906,0.149829949168933,0.0524327396154497
2009-04-01,0.09376000464210231,0.1819245033044246,0.16097943395533007,0.13833897774825332,0.15160487162332972,0.13511597973604536,0.1590464026106466,0.14998742086004682,0.13927205291700898,0.09335247547798226,0.06578220807564387
2009-05-01,0.2979514739495051,0.1447248915356672,0.0996729073518975,0.2023806260770737,0.16804330260266884,-0.0020787430042724505,0.11841531972012208,0.3348796277995636,0.17647681843309587,0.09588307096553793,0.113527331949556
2009-06-01,-0.03450706334308581,0.024069921982921808,0.030520527084815043,0.012438205748723523,0.0372295584684016,0.001022835326611897,-0.06799262241225587,0.011132698344993457,-0.015256563712106496,0.021388509080727466,0.022614271671850875
2009-07-01,0.10670963494184585,0.14854920083083284,0.129868802287216,0.063423492713122,0.12683943113552867,0.0778866434545423,0.13681585783657854,0.048117705521154346,0.15951855178542604,0.11887729640829114,0.052627071829590776
2009-08-01,0.02075325118072572,-0.013900431746549433,0.006362103173162143,-0.02601067526429466,-0.03113201982362994,-0.007858167032765349,0.033683930811529636,-0.1182222078758807,0.020047754732796033,-0.06062212084648312,0.0084885168452192
2009-09-01,0.10752363734355112,0.07568554159391365,0.15397319739702495,0.07086498872725806,0.09710310078445915,0.1250982910924193,0.05054137191071988,-0.0007847979886698789,0.1075482384685377,0.05121026170093388,0.03666644478263625
2009-10-01,0.014597428543279382,-0.040479867575766035,0.05278166302858808,0.024304829797282518,0.030328032896553433,0.0268964366590357,-0.05270410565173839,0.09047965421349165,-0.05115869688348659,-0.046581093905516645,0.036594692816564973
2009-11-01,0.042955705714925546,0.06498788792074818,0.061732337828984116,-0.014687765655454661,0.02928951659295595,0.09360664574752126,-0.01453411689643417,-0.01444142177151986,0.058626073606336315,-0.012325588802491832,0.07346557096804507
2009-12-01,0.04063215528159321,0.08008107812177925,0.014637100819543857,0.02351950663739408,0.008188889779704143,0.0435387772035158,0.10833516311617446,-0.01080193115796648,0.14796081380754592,0.042930098688290466,0.057845595504306756
2010-01-01,-0.08289424565583413,-0.0890664842050006,-0.019718442878607127,-0.07938919388817808,-0.039094558222126014,-0.03119722399675315,-0.08134674768804671,-0.12301751383941989,-0.07322894019659067,0.03311417356164802,-0.04314517381602975
2010-02-01,0.04180889330116079,0.009730614287667236,0.028555492659987716,0.03814836863267716,-0.029529335532848325,0.02257344797902755,0.021419134170420163,0.0767379001153217,-0.03266971088903739,-0.020111275325133723,-0.007151709417371077
2010-03-01,0.07546977541776692,0.07098115392518012,0.0907543648400452,0.056377978472436696,0.11002155953137727,0.14574410806951038,0.06568094650745634,0.06612418887977595,0.0789989922685046,0.05399459205401423,0.04478239351509422
2010-04-01,0.013494164641403954,0.02765670170283214,0.004369680716638001,0.024966563243690048,0.014145595709665476,-0.039718110508863244,0.0187881622698738,-0.1089771305061979,0.024109452979069385,-0.005012083682338551,0.0696333370009806
2010-05-01,-0.09599120417722531,-0.0559847673263881,-0.09844027909512734,-0.10118744298191173,-0.07996505532903744,-0.035959279419129145,-0.10312261395892178,-0.03028533855361944,-0.088092500040336,-0.07521024728753971,-0.0691633859189427
2010-06-01,0.0018098626323580815,0.03628014597958357,0.09298272800394829,-0.026130719908663967,0.006733617275810187,0.016170629740362447,0.011915349703338449,-0.038564121839982604,-0.04174364238221213,-0.012375495623642815,0.020493856082190502
2010-07-01,0.05869236845998335,0.057235666616950814,0.08001844560541534,0.039116659463930434,0.10535613592576346,0.056646362676555054,0.10259631156670627,0.1816386684685028,0.06422051523856012,0.14136394115447187,0.011060382463793676
2010-08-01,0.04346012911992247,-0.00019875952922487373,-0.008928976023908984,-0.0069730817125502,-0.029295940340571838,0.002034086520951151,0.008632324983052074,-0.0675668691537287,-0.04430979055945613,-0.0009030966900794855,0.04671990546884775
2010-09-01,0.10698930741002882,0.09139677008430863,0.0779441286404963,0.09582596125438513,0.11435759179065218,0.19577294440827914,0.13954385746913653,0.0438134536245266,0.1117325444085287,0.06436053209644035,0.0105244978886772
2010-10-01,0.020439535344108518,0.03854974908814624,0.04239905854947182,0.06014663266192161,0.027125743913258,0.029932035378414,0.06322177298866177,0.056834320440679605,0.021120707576226843,0.017368658183417384,0.0324098813982331
2010-11-01,-0.01478071166272568,-0.023905216504221366,-0.04873369028320948,-0.0013581492267047343,-0.03112699298675844,0.0026598137450862015,0.024808590368881903,-0.03373651059675216,-0.012586475470013942,-0.00812265605918645,-0.05072508075244875
2010-12-01,0.1072511253913637,-0.02782644062479946,0.04110540844887391,0.06094373814194211,0.07283693596074385,0.0887093452850089,0.08125214208397545,0.01970168870415004,0.0985018171987758,0.09562585250026999,0.013300956424583451
2011-01-01,-0.022279580877395976,-0.028797590944436856,-0.03792734890337137,-0.07765722750205967,-0.04930118371862911,-0.13255573451318003,0.0246845505286135,-0.016322465843884238,0.04135147878441038,-0.03620699299035123,0.002292166203108875
2011-02-01,-0.01469161047347824,-0.02553384906718975,-0.007195417057812684,0.06633253352827055,-0.024622765844798014,-0.03650039309505107,-0.07956953798462224,-0.08591639449280922,-0.062388624033586595,-0.03294114881208762,0.018604435138880864
2011-03-01,0.08699864844311744,0.13500927184876935,0.09847163418218119,0.14680531173052427,0.058284076809648075,0.126464103273833,0.07219552850097335,0.14495357020281022,-0.015878894866500126,0.060306690833354035,0.11127786843323456
2011-04-01,0.02758314218850304,0.10327744679432847,0.04551024506457262,0.023222268768777584,0.005175197488812995,0.01073999475430633,0.10123230177453334,0.05553554861217977,0.07599551395105586,0.028269526603874683,-0.0186439907020721
2011-05-01,-0.036435774246477204,-0.005337843973123611,-0.012283845141758185,-0.031020868684628743,-0.03485929130913471,-0.10684387613369725,-0.06071426504005634,0.05949840850538575,0.00997263432104021,-0.0018216381367643416,0.04502885021940383
2011-06-01,-0.046488587319629265,7.123187673800072e-05,0.03453929787089547,-0.0537251067599368,0.01884612110717493,0.04918724272473289,-0.018105036529857964,-0.03562109553017865,-0.05508705773491654,0.01538811308541144,0.037021439517691435
2011-07-01,0.011287769322155848,0.01704853907972459,0.0677770230102371,0.02149280662557277,-0.022140589421155835,-0.0619521937931717,-0.024530847251547798,0.05594884861928899,0.02925907467559153,0.058421021172433016,-0.021290359749970133
2011-08-01,-0.07068129826607492,-0.03904700141383142,-0.04262275884383833,-0.08385794570988492,-0.09606471349741795,-0.024649341603272635,-0.13136623474876266,-0.11604992548797499,-0.0895676842452264,-0.03159380243731602,-0.0439008905476656
2011-09-01,-0.18664232503444608,-0.11232857034695419,-0.06830165058884097,-0.2044556705729624,-0.13302976421785298,-0.21687181979099207,-0.17256894566029757,-0.4097382401223766,-0.07834164427792474,-0.04828816696185911,-0.14871683414200293
2011-10-01,0.12932493752133675,0.09231108192962251,0.0476691729018655,0.13292893882160672,0.10848498303291819,0.06125836485477159,0.17362867343243482,0.35860422285351096,0.06922800977941547,0.04138923266663022,0.16407447089520144
2011-11-01,-0.08280412806900725,-0.07654208690499242,0.03214297565940318,-0.06931918226789668,-0.11378567448374956,-0.13509160154683442,-0.11599160229353131,-0.10552392520066049,-0.06484694403694057,0.0011117373237576997,-0.0175518387257617
2011-12-01,-0.06711795065165002,-0.03390365369124003,-0.0013103967844191843,-0.027600172781747416,0.006023785339850011,0.0046812571207486,-0.027053751723422274,0.005847419091354847,0.006604596542886313,0.0034195303276417007,0.0532381304733038
2012-01-01,0.14651450266894334,0.08170252353375584,0.017286007676881127,0.13625272204664526,0.13560210774202625,0.06807273833265276,0.12628333762818192,0.1305086979705606,0.04707150325194229,0.03069003849906264,0.06781891349164927
2012-02-01,0.02369051386603095,0.0480331930815402,0.03670343342255778,0.058041600898015924,0.049233427363740714,0.04433188487239444,0.07294282094692117,0.15560721270002476,0.08175538924753908,0.04015249955870871,0.11070225800838772
2012-03-01,-0.05605594784846213,0.004150311355829101,-0.008901459078534874,-0.06009214930607503,-0.035549210570698375,0.028123735081308027,-0.06730052902145842,-0.06793840453357877,-0.008205087777773255,-0.004567673637565598,-0.014572597568199341
2012-04-01,-0.05686876264109587,0.027038497248822173,-0.012903613616555376,-0.05085694719306316,-0.0009296177790013436,-0.01494822407420027,-0.062136587846031516,0.11455317118520729,-0.0116533318465951,-0.02340456554390025,0.011914574681149682
2012-05-01,-0.12274411881319798,-0.09561632934222081,-0.1285923598720412,-0.11619833775564521,-0.10141588219659481,0.03475302131918292,-0.0879107965906998,-0.062371435398226545,-0.03635520708380051,-0.06468177133669822,-0.03492403205336296
2012-06-01,0.05840242000346269,0.017793900607606508,0.07180212425424731,0.0814580457659912,0.06613441344312523,0.0642818339084978,0.018210831163685458,0.037132607107767376,0.004517415342940983,0.060009329608680106,0.03577009305733671
2012-07-01,-0.03626653616500074,0.03380851224480715,4.224312128821295e-05,0.020838764201444576,0.03364279828968736,0.012549793187652003,0.041971284429161045,-0.0203129944224843,0.005963840014943384,0.06685491707807827,0.016254795466085804
2012-08-01,-0.029532698927556854,0.046855278954584065,0.036106320935135675,0.012891109493580726,0.0228076880725343,0.020607836953339825,-0.027092959707749623,-0.002057116796190476,0.02623075852158047,0.0328164113898803,-0.014643243887151318
2012-09-01,0.07563924300878336,0.05417245746872339,0.04888599527700515,0.041553193786886315,0.05336003841644716,0.018334612586970882,0.1047889577130657,0.09126328540651373,0.057477322805693495,0.048634766488949065,-0.04227905733540567
2012-10-01,-0.023719129872002063,0.010141561919666453,0.023572055108705574,0.018469034284540116,0.011028593533377986,-0.008438816321151874,-0.031170045142049012,0.04021250245700315,-0.04327779619431671,-0.02630789045253488,0.01954701528784976
2012-11-01,-0.014491207966062762,0.04052920212341617,0.015957576514449574,0.011191482862316216,0.025139195242017433,0.020327426631707675,0.0246981462924795,0.0988103116618275,0.008731576923593273,0.008971564430653785,-0.016272701108563783
2012-12-01,0.0486100434421969,0.005886873057558267,0.030255455490718786,0.06081853180827397,0.05920533454354599,0.07419034861426407,0.036573708242871796,0.0649127731712161,-0.035235550403932406,0.07536691289690467,0.023384382733349716
2013-01-01,-0.012946719342673536,-0.004516153610560217,-0.017266492808324336,0.035541523252110574,0.02726406143242829,-0.024987718061746624,-0.012178087291810902,0.0059540983105552244,0.05313903928482958,-0.020153461586952227,0.011371626816045158
2013-02-01,-0.06694164329337313,-0.0003251520454525545,0.027351804883091173,-0.03923664661417303,0.003075305010121785,-0.018059072075128836,-0.026893320181749662,-0.008628043233436133,0.042176941590809335,0.00941911103199054,0.051502342628088796
2013-03-01,-0.049725730907996216,-0.03187561979879145,0.044728773393337674,-0.0018706488229060375,-0.004010335303778154,0.07152619254704409,-0.025228213212569905,-0.033729203510796946,0.008776981433818143,0.008859465606057982,0.038049250731191454
2013-04-01,-0.0326931015273723,0.05579456207482671,0.06996706632517734,-0.0018819497663089338,0.03291789355986294,0.1033061563471536,-0.022003348662405206,0.051949718965537794,0.009099920134961796,0.0356081700998653,0.040976858819727326
2013-05-01,-0.050211349205735285,-0.004204050795925611,-0.06149257783048995,-0.04655827978530441,-0.04498009646566445,0.04973102781986927,-0.013254432818609309,0.0019948768757106004,-0.007323118598642072,-0.028583864949279,0.007979293011456974
2013-06-01,-0.09172558767955147,-0.06972429312331005,-0.08279647317644029,-0.0647776115388773,-0.06484819840539374,0.011983962508591631,-0.08437308045233116,-0.10765189568342563,-0.08585463088684085,-0.014796633145045961,-0.026696366330764425
2013-07-01,-0.023294442273694628,0.012413429909674933,0.023625098114668012,0.020124144178653436,0.006577453539459193,0.01985706643686437,0.07331625657304594,0.021962202278520967,-0.019853600165758697,-0.0017678375266395006,0.03214854823309997
2013-08-01,0.045338462856163796,-0.0246333506621817,-0.09343060602004805,-0.0003978564803941865,-0.04404031405693069,-0.1388208328231623,-0.02092638001734149,0.0025238936493282497,-0.0181714531726524,-0.006094074056484201,-0.10781697902478471
2013-09-01,0.05654153297077553,0.0894587038598441,0.049094158733556284,0.08388002018214641,0.06633717391655433,0.14096116010841586,0.09486350855694539,0.0410096747487377,0.05963534319098422,0.06167818429023913,0.08752119067484987
2013-10-01,0.02618042030049146,0.07156845531833594,0.04301162444564971,0.03741724467775901,0.07011921076241688,0.03506936643365443,0.05200041298069565,0.04094011235075181,0.07303453517492246,0.0200096660248616,0.06745107149318535
2013-11-01,-0.01840917952885561,0.0352738009821315,-0.022954401849031324,-0.00777624170006419,-0.0073031569923060445,-0.0684990189153667,0.005669469132990007,-0.047544703703053956,0.02153222375520914,-0.0057160852692932996,0.01071104703162375
2013-12-01,0.01691707681930406,0.005814194140402013,-0.016187467811962,-0.013098415118293873,-0.023914051254432786,-0.028280495039721864,0.00133614317367134,-0.08504120302141632,0.04543494747983227,-0.03606919726634707,0.05500853079253975
2014-01-01,-0.04460759809059837,-0.06363832802829678,-0.046856431960048926,-0.10923428355851111,-0.06184115723067615,0.017837310656279005,-0.05438614898750916,-0.02579688808723408,0.00036047583522389945,-0.08010919104176198,-0.07312758598147127
2014-02-01,0.04799221284208485,0.06184360279259524,0.0310647847338756,0.06542941221963684,0.04452185013600601,0.10089306236345359,0.013945866619886439,0.01572179988195824,0.09901008896014342,0.022132241732766483,0.11719524198318303
2014-03-01,0.014556032108484055,0.04093396470726129,0.091892734498976,0.0007805377411254349,0.054894648815013984,-0.0479277253135474,0.05987087723552232,-0.05507240040925913,0.0002502301755711589,0.030792934633771703,0.013362122495196438
2014-04-01,0.001044365231480944,-0.008136072920518399,0.01400033187121455,-0.014661723270225042,0.01527593096152127,0.065153150711608,-0.01071333069394573,-0.04386481663423166,-0.0002836596254272871,0.01311498812871566,-0.002038071042561598
2014-05-01,-0.02922430493666931,-0.021233746700309784,0.02559395194692835,0.035846047897968414,0.04688558747323389,-0.02467637005274995,0.023603665593921873,0.036558067067162144,0.03853968367065033,0.05214557901189188,0.0017229430690479208
2014-06-01,0.052168011336996764,0.05963472272062562,-0.02381288891128889,0.027628393411633388,0.030303240089213906,0.05476585370505645,0.05190018445510997,-0.03780048119553481,0.10330073645211021,-0.009669705833882398,0.12267830846185929
2014-07-01,0.053504790298172664,0.0162135466580954,0.02148866904238546,0.0020900596063916257,0.04260551047599493,0.023110426829586073,0.030534019924995603,0.2064317779034006,-0.007658552971693257,0.02273047111435228,-0.005881086615229642
2014-08-01,-0.0492098695138096,0.03307291580836164,0.008296269806474951,0.05910947042200379,0.02582925524554853,0.045044127012747924,0.02001067563151977,-0.057890450996880664,0.05597847702484807,0.0395265570152798,0.0025771838844253353
2014-09-01,-0.11347247405985503,-0.01840722197791401,-0.05376003165096065,-0.066031141474054,-0.061527606881423474,0.0313174087639423,-0.07242879019183947,-0.077711257263553,-0.05125176079186694,-0.04289018312303886,-0.07636122269527393
2014-10-01,-0.020912107458529085,0.011998866965853049,0.03720071480759215,-0.013447417863300188,0.03412731339773207,0.015431085156113904,-0.01763692113821621,0.05908348862469342,-0.0005786283910591689,0.0357922455328502,0.07016611172055603
2014-11-01,-0.09072543632421462,0.020281826898906233,-0.016040742087654013,-0.12705564326808114,-0.02322318549800958,-0.03785860560295745,-6.12785834926521e-05,0.06739038024964475,0.016268761545584383,-0.03191411469900304,-0.0036325025985646806
2014-12-01,-0.08576282555511447,-0.09142117855475707,-0.03362873793926259,-0.09250324146924147,-0.01451889917090226,-0.011685090142199001,-0.026541034072116054,-0.011333454167498059,-0.05107194203313961,-0.011490668298394041,-0.02919460301940356
2015-01-01,-0.02503668709396571,0.007391610423754275,0.032488921692401335,0.0068494020242684485,-0.024274059537541054,0.09312145161678928,0.0077058953858462915,0.0061646194748595584,0.03447673747748258,0.029221463001986882,0.013774493815467097
2015-02-01,0.062424574391232515,0.040916032085982906,0.005916548978118531,0.07091549774665279,0.05025393105645243,0.10183188867134435,0.02048868275404567,0.04552549483785185,0.009023615277729238,0.01474632754711096,-0.04768677390323728
2015-03-01,-0.016228443376645283,0.0653424553707528,-0.010785444626709932,0.006941431997053912,-0.020167982994026744,0.02689729388714054,-0.04365938508916687,0.016361997705643446,0.015563266256404099,-0.0008736590535475177,-0.053359685583941725
2015-04-01,0.15490491715950247,0.07492494132594003,0.006105923000119165,0.11709661301441857,0.10863981845941151,0.04473718364078601,0.14254942162451187,0.22142445904717717,0.03661240360288606,0.06936306599111507,0.19079904839958944
2015-05-01,-0.05619309357336236,-0.0017705274104253491,-0.0149522400971735,-0.07048926166584588,-0.02771753152764092,-0.03598929227858264,-0.03366317789579586,-0.08707838611874083,0.007504498897780352,-0.07394077179844978,-0.03382724823765958
2015-06-01,0.009558503172635072,-0.028174925086175955,-0.012952335923647345,0.009066366124545271,-0.024456450602400065,-0.014881275500388641,-0.040273498693148356,-0.023080900447965798,-0.004531043466143626,-0.0136485472155938,-0.06278989256280806
2015-07-01,-0.08440123041383615,-0.07548865744860538,0.010550503993654802,-0.05901400281114939,-0.07226814693133227,-0.008760832466300666,-0.05628895598335703,-0.06504042710446553,-0.08232404724169347,-0.009344039911399735,-0.13474878093197598
2015-08-01,-0.03549727353277581,-0.0974165189240059,-0.05681012148908195,-0.1189810212776097,-0.09060970280103917,-0.04778896420692912,-0.05923130089306115,-0.0888736933858958,-0.05661247575002705,-0.07619009961741052,-0.16836755601794412
2015-09-01,-0.0714492102078235,0.014614089116462371,-0.032088717945677823,-0.06882211463135725,-0.03817507290512118,-0.06901956729983129,0.0007363414639190297,-0.0005336379988320657,-0.004107362568608372,-0.004506906796379141,-0.03811891857393992
2015-10-01,0.06390952701831928,0.04901237294922918,0.06746643485791212,0.0731122483071,0.09487850753863972,0.08572859473955258,0.020278404695422032,0.07078971417536223,0.050117706366555985,0.07132266196823,0.08642776115475537
2015-11-01,-0.09225006163973797,-0.025617647230821373,-0.03910466147985557,-0.04154442779813817,-0.025170693484278972,0.001459265941133825,0.0005563675957286195,-0.009804496716030786,-0.015131355050683673,-0.03272770094329558,-0.09725070204401876
2015-12-01,0.002191264581765328,0.020236701191410023,-0.03667063659629964,-0.04466205761872005,-0.02358271746395611,0.04443762740301052,-0.01663221813121081,0.07581472169737169,-0.029185007351785714,-0.00211680895367616,-0.008626546154932928
2016-01-01,-0.060971617868543895,-0.03421486898795203,0.012322265314115111,-0.0017111741697676125,-0.10157447195127942,-0.015006928479080514,-0.05980032027761986,-0.15693563084429604,-0.036127804735023965,-0.05314477720054463,-0.09884671482807084
2016-02-01,0.04159043329559789,-0.025699504949450485,-0.013780832362785303,0.041832347322121544,-0.01702093472973077,-0.05709033045642118,-0.06791106712044942,0.018134625885582296,-0.023562978745775166,0.0305669910773115,-0.0020475127236253988
2016-03-01,0.08885026902621032,0.07343493215862557,0.08156937911039637,0.15924344120125958,0.1474059715480434,0.0818624408854017,0.0485655949296359,0.08501640061949056,0.11302818000211523,0.09831093471937949,0.10602486153950011
2016-04-01,0.042597930374816705,0.025081879434925257,-0.006522251426937386,0.0608648183819711,-0.026093705507532962,-0.01572296452768684,0.00604282097554387,0.016112912554468437,-0.04789382077592705,0.007365408679460518,-0.03657366288633425
2016-05-01,-0.03610931430352996,-0.023783647485739853,0.026030069948671065,-0.0737573811441688,-0.05050800450548738,-0.049452537286454476,-0.030118066872051735,-0.014744649501849783,0.042686128678989244,-0.0361520599290063,-0.018953581568481273
2016-06-01,0.027938373760279897,0.002572681833759152,0.07847675406883566,0.0694011186690452,0.0253749355243361,0.038262469134684805,0.013735570982876378,-0.006073111854658964,0.029484482107651776,0.1080426018118657,0.05669334875445173
2016-07-01,0.03458367379313512,0.06444139282815414,-0.010921379121335922,0.022348865562312224,0.05818856690613391,0.05508345457670639,0.08477542167825265,0.0638770753820721,0.056614541721783575,0.04997972373403514,0.002736223131003076
2016-08-01,-0.010555842258008138,0.004574785642718857,-0.022843045887312955,0.027881586381366417,0.03515511422342309,-0.03413604091102308,-0.00573813124967283,0.10645304529792822,0.05456887122517641,-0.007002513476215479,0.08228207500770394
2016-09-01,0.05991671767612537,0.06339221049122265,-0.010209303446076144,0.04107750859483737,0.03243541797225986,-0.0345518124736045,-0.01366514584273427,0.008895913327503497,0.025462939803787187,-0.0010182456550480185,-0.03641161678944708
2016-10-01,0.014140281324117342,-0.024988434973745102,-0.03283622454162323,0.06647114666738956,0.002838027923869969,0.009397670582394331,-0.011896272187420514,-0.05814573860812861,-0.017933881919719626,-0.029095465851629244,-0.0481055894740037
2016-11-01,0.01712232188764112,-0.11888153683565796,-0.06751858040057712,-0.07095489424687211,-0.009430484045402641,-0.04592780166984646,-0.04929974290596364,0.0169865091684211,-0.05164944991476465,-0.017717696525512642,-0.053332704137257624
2016-12-01,0.02499457346493915,-0.012545125941274243,-0.010697197952559367,0.018656409231665647,-0.017512920054866318,-0.043234401903004926,-0.032916719171303455,-0.06322844658598499,-0.007235098431468,0.003984514038848438,-0.0210897166254863
2017-01-01,0.11083280982765327,0.07982636615185651,0.03721700184947842,0.031609753971735585,0.016680340837069284,0.014845651724974313,0.06427380808091586,0.07955422907082692,0.0618084391306343,0.08198614442349574,0.049502118782022056
2017-02-01,0.004692544574810899,0.03265170865565709,0.0058866213924417665,-0.025131633956889214,0.02596534569737445,0.007758519177423333,0.01312723499218527,0.07520800816692497,0.056951361902468314,0.002895959003039675,0.04635480238974159
2017-03-01,-0.013987746857128613,0.03825797631065416,0.03356171135011923,0.018849743203169757,0.017932383339126796,-0.013340813632158851,0.01806022507551311,0.030757180172207077,0.051808585977813126,0.026541100600452602,0.06649635457290441
2017-04-01,-0.023533252842984687,0.02630959591979793,0.026623693925156823,0.007582925857843288,0.025573525977300685,-0.0126515992294393,0.023749015926462697,0.019535561202920583,0.028075246657180263,0.01153931759229165,-0.03556812965563038
2017-05-01,-0.013307227022021728,0.04614304238339831,0.047947887899647094,0.017372182961702808,0.02038382602670369,0.0432149151014756,0.03347466933157342,0.09022653146287833,0.035760057235200024,0.03781564037159053,-0.03972348121606878
2017-06-01,-0.007134696993006245,0.020773201740664292,0.00930621046300999,-0.01880123780958884,0.006102000897146245,0.06882460490370246,0.003173756641727041,0.007174242919118763,0.0349282211435417,-0.013916826959454998,0.01110639693273444
2017-07-01,0.10012855086309227,0.03783965502149084,-0.0038300101999823,0.05685059650237072,0.06584887250969722,-0.03891041666316079,0.0073217477757363284,0.15126886896461642,0.09741129856076347,0.0336698204851087,0.06003813294630451
2017-08-01,0.05699695811703957,0.011832858348229693,0.018531628191709767,0.0442557626172124,0.03936749763310211,-0.005758370309282904,0.034043508851775824,0.029426437009736156,0.03259345282521679,0.019332852207996826,0.0017728041187739206
2017-09-01,-0.0031616551799678594,0.029950844181138647,-0.011547337577975887,0.003918627349070671,-0.015664521296682846,0.040762379905766234,-0.004749545398113442,0.07336286594174007,-0.021214322531635972,-0.021410831768109175,0.04515857584462739
2017-10-01,0.03329532739786085,-0.019908064115113467,0.05208225722948104,0.022469808919906926,0.029870490086081815,0.07846720231627559,0.029267064320012623,0.024298597596203644,0.06271530853499874,0.006618461761852452,0.01612732701469762
2017-11-01,-0.003310320961008224,0.02077737146455255,0.05923317394561345,-0.05601670867229287,0.014108166226257683,0.035920528795299306,-0.024136424912564867,-0.04854100718648544,-0.0008102498253504779,0.0006930979350592485,0.007947144639843622
2017-12-01,0.08838893183679367,0.08235355664916029,0.07547301237740879,0.029874601224276973,0.06791483510928344,0.09173484130149258,0.029782140312774846,0.038719094293300366,-0.049438174776358465,0.0149457090648373,0.013945776481178021
2018-01-01,0.0402337319405478,0.002397784112132858,0.009342482256589943,0.10668892997401225,0.09184695641474228,0.10061791329473038,0.032312385582251614,0.0605736416203445,0.07623924947874461,0.0324648147460992,0.09700981323988318
2018-02-01,-0.03084296905144839,-0.05679372466249728,-0.027421364498086034,-0.04318808148718459,-0.02759460517081869,0.0018106589381551973,-0.07969689130304117,-0.11796538878776802,-0.08661408753549195,-0.06336180337818252,-0.004357552225538401
2018-03-01,-0.031546136086250794,0.04268356351088267,-0.002205920007235026,-0.045895826395932066,-0.006952580951984668,-0.0009622421636953839,-0.012694373355970533,-0.004098063215952661,-0.018832709968561998,-0.042424792577893077,0.053004791413110174
2018-04-01,0.041507714459408374,0.0025712127920130322,-0.01598408313977725,-0.031840101284660104,-0.010702870824316256,-0.008933464758292872,0.006704168695043386,0.0029674912638785003,-0.09086909205188502,0.029643093391511877,-0.01626625778533005
2018-05-01,-0.04737598612915858,-0.034450496896468535,-0.007001112685125613,-0.038232442758572086,-0.03651846811423266,0.011201001595946964,-0.043119600332158975,-0.04125356160246635,0.05198472056763731,-0.053760463560600796,0.06991710461305975
2018-06-01,-0.017523074570054826,-0.06674022481879179,-0.017584187329057626,-0.07003917810735563,-0.03445070860811049,-0.01526663425798823,-0.046363032534930286,-0.06446641362652747,-0.0166368538065544,-0.04152879232716685,-0.0043155125769912
2018-07-01,0.025028611825785176,-0.06922637277509562,0.0030623458939305903,0.0006724477299270282,0.06298131005357949,-0.024188856180226044,0.06335775250614303,0.05688903356446094,-0.00483764790295519,0.022021027915641502,0.03954404856683143
2018-08-01,-0.0241911218799474,-0.04720650231997034,-0.00516652506748657,-0.012017618135302437,-0.02551390850443834,0.051176954500145096,-0.036864294885759576,0.05272592685092173,-0.07076878851484267,0.027262126405785025,-0.10929505165166248
2018-09-01,0.030728106478517005,-0.030467078738965606,0.0118657077904945,0.08231344749488348,0.0038478767668021973,-0.10913454132980609,0.027331890435845243,-0.06084450480759948,-0.07632290565825395,0.029411837324462398,-0.058080600013561176
2018-10-01,-0.07277003274337278,-0.1618029180428292,-0.08860939168370995,0.00407403188703484,-0.04980980314399136,-0.13016395242390216,-0.08139587927279734,-0.07071620307719502,-0.17607786326914227,-0.0713679340808215,0.07776965292069744
2018-11-01,-0.008249765522593527,0.117841329304648,0.05892885106915141,-0.04349080950152946,0.061868440879976824,-0.03318292273599262,0.021202042254063573,0.11274070291778193,0.0734752616403507,0.046299263179473374,0.07397304019720592
2018-12-01,-0.016351538553209713,-0.011915275118653822,0.011465653958450499,-0.04013013326386494,-0.013286519833625669,-0.07841478261442901,-0.00953022022078837,-0.0052943406840674995,-0.036315665072274954,-0.007367127890824701,-0.0064114273594821245
2019-01-01,0.03378089134728034,0.045611587322636545,0.08750412223201914,0.06959266103418887,0.07098116414164196,0.08787968223694873,0.08121818237692033,0.0982286569595105,0.06270671807331922,0.03939167195024537,-0.013361401412554624
2019-02-01,-0.006468788927575288,0.029797216795756455,-0.015882356217644084,-0.006636510963158104,0.00618728725107192,0.0019694995218800596,0.007548183800417132,-0.003983931949791133,0.05486904022422474,-0.03277654505287022,-0.009066456323314757
2019-03-01,-0.040305812233173165,0.0546077402129323,0.018637881627780233,0.014427322869626155,0.004397680025224437,-0.07965521594180432,-0.0050759515972565086,0.11923197532878524,0.022509199728761538,-0.022479970647737175,0.007334484143808459
2019-04-01,-0.019455620357826865,0.05531146066088619,0.01198448009417359,0.0020679854537392723,0.030491360420850253,0.027125788174339756,-0.01062267582365935,0.012183623158461452,0.03994033773381295,-0.006207205533537751,-0.019509606740522704
2019-05-01,-0.10298883829198532,-0.0687917987215737,-0.02632380317041858,-0.05027035306858957,-0.04613308218652769,-0.10537654929371272,-0.053434999017537364,-0.07870081550581914,-0.13657775894354462,-0.0002926605057339514,0.005906120235123857
2019-06-01,0.0591965703424536,0.07126356076886313,0.03910878464845624,0.0484429314120274,0.03699389564505496,0.03275043172126703,0.08645470664062858,0.05335512160054093,0.046031549355547444,0.04826652527708973,0.09444462644163973
2019-07-01,-0.07980561070125226,-0.002910121128155566,0.014553945101278644,-0.02459782096168563,-0.022254890986991058,-0.0743549978104863,-0.026067127458137003,-0.030246492772366046,0.034476859775455275,-0.0316416339443118,0.06610648225757311
2019-08-01,-0.09653036943684462,-0.001702503874311907,-0.0221143778996547,-0.0578548313232304,-0.07242133254274079,-0.00932823576719937,-0.04337378818850268,-0.09223994411453974,-0.024999536671150235,-0.027419970219300073,-0.0256760173726482
2019-09-01,0.03018509417114932,0.014983684507096284,0.01498320495454682,0.04557491244290581,0.047270777639029336,-0.035298494998849794,0.01039223008901265,0.0177364087502139,0.04548483006437879,-0.011028493077270576,-0.03689340493042622
2019-10-01,0.05760817897898594,0.06205700936029848,0.017723380250566037,0.07268715708060959,0.031652586054650295,0.15321112040609108,0.04623052385312919,0.05100234630929294,0.07911686312313139,-0.013261950600835924,0.12070397232655392
2019-11-01,-0.003154862194939186,-0.02209366740116058,-0.03589092951403882,-0.04810595301392037,-0.003623087382388081,-0.0457401244957724,-0.00232429105114919,0.001025193688540601,0.0024185930271403387,-0.02939956509181745,-0.06030478391877759
2019-12-01,0.09716164652523374,0.059771918933392995,0.014173049001611773,0.050117923844160986,0.0592635386943625,0.05399608153223698,0.10062504883589615,0.12035850641147111,0.09168669147550845,0.07554435177098308,0.03560427048122708
2020-01-01,-0.06146071272620533,-0.0247741729648786,0.02236006422316835,-0.09623908456361249,-0.04328889422841871,-0.016857575029915667,-0.035979513366973255,-0.11392623046986698,-0.05590026767967847,-0.032738073643958226,0.02030889506748322
2020-02-01,-0.11743362770127853,-0.08102736584181426,0.01411968850117158,-0.133045015753613,-0.08281235911745859,-0.061659170307525046,0.013056728185028375,0.005377340199285097,-0.03594942997989971,-0.03163428112312408,-0.04457738225969248
2020-03-01,-0.19442206633968942,-0.20977001631659983,-0.08050005828793946,-0.2170366700249581,-0.2511088143478571,0.015353014574024201,-0.1952158862688944,-0.15471708164700332,-0.0869534867109541,-0.09528550657999961,-0.10946409694371137
2020-04-01,0.2922141373403436,0.10695994071611917,0.10402792928559734,0.11669525201573898,0.07480069788047643,0.04408758676822027,0.14854721993890288,0.1091148296747908,0.1241148419174818,0.07904988347554338,0.07146013452883393
2020-05-01,0.10242385618035797,0.06804088269040147,0.03456686113059566,0.019062474967645026,0.0024131591809121522,0.0390604965470631,0.013294593487025722,-0.04927162283052144,0.04058861411547946,0.05463653556835038,0.013254084694079881
2020-06-01,-0.00868970684526165,0.06824707859874696,0.05822735446753044,0.018029829261093925,0.05592361167953243,0.21338601027485243,0.08763006701884882,0.0864764791177901,0.1267850900165063,0.0733771392000541,-0.0020783058441124387
2020-07-01,0.06433372630541037,0.05068235225815462,0.10253835653823666,-0.009263882528204297,0.07070442751627737,0.03858773581913282,0.08160428857783128,0.02495336862724391,0.15188810313455378,0.05421082595037084,0.021726399348994323
2020-08-01,-0.024050743393337345,0.0768006209214463,0.03130872633772233,-0.02814588906262811,-0.012707742616307189,0.0013951760457858202,0.04734781061812134,0.03093506971375442,0.008703992007905748,0.10236653429701957,-0.053907120321422704
2020-09-01,-0.030408058608353744,0.01706192773365615,-0.01583854092539012,-0.08796435470692238,-0.01757032730899526,-0.02299701490480556,-0.0292375386183752,-0.024298938921348254,-0.02343464217696595,-0.013625883867464305,-0.02841855611021414
2020-10-01,0.032619247712744756,-0.0075883511296964195,0.006848712880724964,-0.04145663086512218,0.02073876450841485,-0.015074507845561521,-0.0033243329858175835,-0.009344493835334842,0.03743774319569618,-0.002985782821518639,-0.00023878644365592054
2020-11-01,0.15700492092911178,0.07562158567042043,0.05380729082267953,0.19491557116662958,0.14551344058866778,0.16221854013331052,0.13689253815298016,0.12518491931121414,0.04975355145686876,0.12808155999129986,0.10579746344018248
2020-12-01,0.12898428450748803,0.0576661973937086,0.10776995234187607,0.06828753204633342,0.0784186367125803,0.10642326787199857,0.07784152849206653,-0.008133310569736187,0.08242024044037391,0.19831715758062693,0.07620315876852853
2021-01-01,-0.03757938576115584,0.02249554194073269,-0.03930350079820803,0.06501332836716678,-0.030275660699144565,-0.040653128040507205,0.028411520530041288,-0.015529015344999616,0.14742134013719083,-0.08175882452129145,-0.027402253278746465
2021-02-01,0.1043306720958235,-0.060240411299936326,-0.060382501087012604,-0.06330528937237949,0.021126309282971316,-0.06617562047973963,-0.03562093614544444,0.05296168628112469,0.00956586400766537,-0.07241665594258227,0.06595785332010817
2021-03-01,0.06619443120455876,-0.08378110766151847,-0.038993530854385214,-0.07192856798150668,0.022498546422975368,-0.013485521850404086,-0.0013861120321321243,0.03959038366019095,-0.06443808856356974,0.024072633917217142,0.024433990801457403
2021-04-01,0.09928269704796701,-0.0025502499332251843,0.010541204078986934,-0.007851589052675235,0.048458013547996906,0.049386864283343906,0.03072476626551833,-0.008743520158352681,0.08757958704008623,0.02679434251744222,-0.05029450475353552
2021-05-01,0.0443929569142988,0.07835057094700552,0.005427902129287454,0.05436611228328271,0.08771598892622498,0.029339488932201396,0.07756668051231226,0.017717216760753246,-0.05212927238141554,0.10782209991472773,0.1029730334368061
2021-06-01,-0.02297078856602071,0.08721597038236034,-0.03821810996101825,0.13358030462374856,-0.027024219377142195,-0.01003474458908264,0.1676525869989005,-0.008349372650737177,0.034624254051689646,-0.005189322334196459,-0.06413907810502245
2021-07-01,0.07088708460117524,-0.07936254849927896,-0.10566980523669381,-0.06861528242247741,-0.032164941166829636,-0.059987891671909724,-0.07526327879706914,-0.2850887184987654,-0.1180364629338226,-0.07041102596657871,-0.03798397107556013
2021-08-01,-0.03133960274654739,0.03834909038991658,0.020405806504953466,0.0535872702132505,0.076194054938842,0.003239700879202706,0.02922514291932137,-0.03392460423006464,0.059823999323194266,0.004334277159825036,0.03878234442127185
2021-09-01,-0.03633018449123089,-0.04937156935910493,-0.04376381962826671,-0.012634480716232743,-0.018669205515499807,-0.0011239745523050505,-0.05127552550184398,-0.03642495580496448,-0.06440852699540586,-0.0953898414046105,-0.025744763602085878
2021-10-01,-0.061692658266666596,0.028822786720431835,-0.006749792485233278,0.029078160996434295,0.03761344087619185,-0.07107311879345504,0.0037210040492397975,0.004460633385933782,0.01620706337320992,-0.06428123318367618,-0.03394832202134643
2021-11-01,-0.06873192498565249,-0.05842578856282071,-0.00845233166107067,-0.08044323057927827,-0.05570311193031001,-0.021577598283603852,0.0035051288174455537,0.04084242925377745,0.011174580374510048,0.029927573974819936,-0.036430048908695695
2021-12-01,0.08321166417648347,-0.006782798747366016,0.017452060628253517,0.05692835617273927,0.022515720167143555,0.049008866531819816,0.01369327169576801,-0.035621623521483604,0.02236535878265517,0.001214319988876382,0.08942639188941501
2022-01-01,-0.009963373796946666,-0.07744912259396283,-0.06484650901258106,-0.040276130300179805,0.05004565091249264,-0.10739064983629595,-0.04099575785425669,0.10352378301662118,-0.08863771588030572,-0.008111900405532342,0.02549148644144517
2022-02-01,0.04551305777937796,0.01011999447466644,0.00010645247108215456,-0.10639212123303599,-0.05133578111944465,-0.01082145721457478,0.05939892999130743,0.012888550513834909,-0.029115439535235328,-0.0183287609099667,-0.05406299035286724
2022-03-01,0.11034740932356454,-0.08604212776435106,-0.12986433025536895,0.15913538975459915,0.02296470910130661,-0.02476922103790658,0.01966104195930258,-0.1673187984271698,-0.06724605589307048,-0.007471259741608824,0.05674838314153495
2022-04-01,-0.018533549005283947,-0.06244927886066076,-0.006187635578681723,0.00970026841919393,-0.07741350183673736,-0.07045650537942813,-0.008883900678480291,0.030414810895372776,-0.10126882460479511,-0.021656731733708627,0.10477576044929648
2022-05-01,-0.06088611793252223,0.02436115344106945,-0.005883100929507198,0.10481254453541491,-0.014633836598676135,0.001326572492348731,-0.03063312864059782,-0.0004920014593633344,0.030014623718012418,-0.0202355054521043,-0.024350913859581394
2022-06-01,-0.1190880172010876,0.007107445388870053,-0.02312414386218805,-0.09076416198633293,-0.07142732285487492,0.035614803354317964,-0.02865591199905434,0.05000452926707119,-0.10653322310584822,-0.07445135416337795,0.004246902912572381
2022-07-01,0.02770606886544007,-0.0366452500252055,0.0061511729319778195,0.028294428661928835,-0.0008325826021942894,0.006106817670932732,0.02842582983304405,-0.14746526868902352,-0.0059809789930178854,0.0212636251129661,0.0766476323314099
2022-08-01,0.018556232646228233,-0.01539052699554801,0.003271838555479212,0.10575630418149629,0.021424478679004308,-0.051279359274644755,0.00983797647241124,0.0320310875142793,-0.03123312147568679,-0.05020788258706385,0.04978557202177586
2022-09-01,-0.10976242631937587,-0.1216745353229489,-0.03290225219901814,-0.148004084221176,-0.08962466213052313,-0.06764589317048622,-0.09710518384097422,-0.15348725406831074,-0.17380551476978623,-0.09912596885217866,-0.11871667074753654
2022-10-01,0.061032306978218806,-0.08758374036866028,-0.1241795692561811,0.04248457574124636,-0.0010542645451808493,0.04204065961859865,0.059158794944650844,-0.23403814282030286,-0.05347694123392062,-0.06427127285153166,-0.0957158311878143
2022-11-01,0.11828141407842113,0.17298342068735068,0.09196572666840065,0.06284148100019771,0.104525736764039,0.09495732043575955,0.11339586825529528,0.5481624652047548,0.20018645774263066,0.0798165392082509,0.1628385460914996
2022-12-01,-0.01811139053020204,0.03615703550569101,0.06297879592397372,-0.06516731009584806,-0.019315617633721666,-0.0138562733772181,-0.02992352284286907,-0.041829937959320614,0.01638021637678497,-0.00867793954350405,0.0061645159623410425
2023-01-01,0.05290042718038081,0.06381935871019724,0.03888251724193978,0.046940862862783046,0.020147526367925408,0.01831181082261922,0.06354346701783468,0.05469419018699938,0.10357985034119273,0.053197905863190745,-0.13676191519893377
2023-02-01,-0.11746762696650262,-0.08460646178812019,-0.042802210404226756,-0.039753241448082524,-0.046572214433007166,-0.08279503915871739,-0.08063675339886314,-0.08699466594600795,-0.026696398516342725,0.016112188159583603,-0.2621079017258767
2023-03-01,0.045111487879614595,0.015197466345196654,0.04329533267009501,0.008088426604307669,-0.004286236403523306,0.00645371565959784,0.08224761736969013,-0.0012786691702281155,0.035957155929815854,0.033001576111775996,0.19651016193872478
2023-04-01,0.0583817522724353,-0.04438704376708277,-0.01803387462837391,0.031162260987289973,0.04514628283344756,0.02423190814749074,0.015003018093850443,-0.012570558945292583,-0.03859164808941583,0.01276837903999105,0.06190171553378872
2023-05-01,-0.07765050035861999,-0.09172356471301275,-0.05312490827782596,-0.04114284220661382,-0.028367245449397047,-0.04671585573466118,-0.0030382926059487154,-0.13553262994063164,0.0602830375674548,-0.02700125865233277,-0.07294120922677304
2023-06-01,0.036165359660140554,0.01157332823423765,0.03715111907914468,0.12859621606487817,0.07015660879061782,0.03525544664889585,0.010338504881898539,0.07980766993173302,0.08538288561384604,0.0335215494788137,0.04067025505225375
2023-07-01,0.07027133126403437,0.11386688895645948,0.015485385420359966,0.028563105422959076,0.05984285277424451,0.037349585699705486,0.06640614670376141,0.05916759042830101,0.02371090651273435,0.0356891656560874,0.04035077215156288
2023-08-01,-0.061258450432741245,-0.06310680708806461,-0.07022157809412022,-0.007383820535442457,-0.06035562943000403,-0.09611360316753285,-0.08437831115918,-0.05540658782410916,-0.04892604647057288,-0.055269469268587605,-0.06027638034192629
2023-09-01,-0.023197529948657626,-0.02084987241453368,-0.013622347796318851,0.061365021565982183,-0.013538832159328707,-0.020578059978538767,-0.04909115499899065,-0.014238438073142765,-0.03479093269563021,-0.01795710462760182,0.01006930166514355
2023-10-01,-0.0990707473508157,-0.029532262093623744,-0.04015408473902954,-0.062087559001436296,-0.040066525823075974,0.016866705220944533,-0.11609635464308202,-0.04470913403780787,-0.01427326380243573,-0.001844963202430825,-0.005697639718454498
2023-11-01,0.10879409444592615,0.04107278584801964,0.027261335642564874,0.08923648452157866,0.051645712776318006,0.05104743494904998,0.13868117329555246,0.05899074482766967,0.14007385646841683,0.08667317705380057,0.10963947067041016
2023-12-01,0.08574304666447072,0.006934007508722362,0.021945563511529688,0.05173167554914583,0.06044096241327944,-0.004240021041745222,0.06327703612094508,0.034543578732857926,0.0622211858554736,0.05596044649363173,0.19883716321171402
2024-01-01,-0.05053645872659725,-0.056856883811344704,-0.036670811024963224,0.09570487924894026,-0.01243436536578484,-0.06990996584505556,-0.09013416688662947,-0.056776711876754385,-0.04260328356947949,-0.08960266025158503,0.002176896388627117
2024-02-01,-0.016224019792071387,0.13929685464339925,0.022756791859517025,0.05879031629531032,0.055743432506250676,0.03738244954423755,0.06636117817992496,0.04366767849679666,0.05615730731122096,0.03416388286748575,0.07450743586858782
2024-03-01,0.09999797857480196,-0.03520228672795583,-0.019800011453026123,-0.035352210292142014,-0.025679353692526927,0.012320459705579434,0.03612186803981695,-0.01672692204559104,0.020309147282766726,0.04024016595525365,0.02218203479523577
2024-04-01,-0.012096769958415,-0.014402575373121715,-0.00735158264699241,0.053577535052258644,0.023569062573232907,-0.013081258127263077,-0.032993834657946294,-0.03257780641049962,-0.05925823991607835,0.028579763887537198,-0.00014562406882548048
2024-05-01,-0.05128846922826539,-0.029349173618290942,-0.03751538228433809,0.013239026427553662,0.0013719537674748892,-0.039603714314193655,0.017096513734453356,0.011044821759024919,0.03919186111481394,-0.013367390192267677,0.02561019906443036
2024-06-01,-0.010514817713555577,0.03840598227202102,-0.002139918753017875,-0.03691595351247259,0.048041442359963625,0.006748375922696466,0.012265886106335633,0.03726436437684061,0.11744333747266335,0.027832059473654254,-0.05716194921547295
2024-07-01,0.001910157185327943,0.010496882377555866,0.024011425693654564,0.021166888096599383,0.01470422149773942,0.08096236112692749,0.01905973148409911,0.009219375413540358,-0.08066525177231723,0.041156363581775504,0.07648666430341979
2024-08-01,-0.0009879224204316847,-0.010263505548047119,-0.014195544227700332,0.04966222697838012,0.03074453370687475,0.04225551336352981,0.04114287342845265,0.021809485924275583,0.03389164870712754,0.07474037426302957,-0.007759406652696421
2024-09-01,0.10749775854254065,0.15360408728763814,0.026511752636466664,-0.025101283152165612,0.05085556092286747,0.06492864284649252,0.08889170020832977,0.17580324824678228,0.042549149927888975,0.07700618773883755,0.04766867744091382
2024-10-01,-0.0311380396481546,-0.12020477053726766,-0.07916052625560922,-0.10502235937120986,-0.016980734025883116,-0.10446764040331792,-0.025916290782808,-0.06409996138275038,0.010116423774449396,0.017191046292690054,-0.0947007502827915
2024-11-01,-0.05343179332951048,-0.06147505202399262,0.013064013657596268,-0.020460416676182244,-0.021094805245906907,-0.031318265474092735,0.007849003051373971,-0.07183310625386101,-0.07104360296981307,-0.059793266785951246,-0.06888763220649846
2024-12-01,-0.0958774984116393,-0.0042213848167400835,-0.041659898147891,-0.009342368457455855,-0.006201212808439358,0.00039363321191796495,-0.02452490557166924,-0.005101560715153701,-0.006953103923958482,0.022899330368194675,0.0085229565068761
2025-01-01,0.11426264558064556,0.03521478390128463,-0.02161581746936231,0.04026464635217186,0.03591042905951502,-0.008341287539227112,-0.002028097871826766,-0.07108566092024514,0.020174557768110328,0.042154970356857197,-0.04126856122550843
2025-02-01,0.004245861791456387,0.02101436459218141,-0.06309932183120104,-0.0690546180890389,0.010303665817947921,-0.011655972228880162,-0.09095891377269513,0.013923967498220257,-0.008815846492747402,0.03719345364048963,-0.06299410393795571
2025-03-01,0.035482571490021264,0.06818776732831133,0.08346523294652115,0.05485441640090326,0.03477518867297559,0.07051245319326263,-0.016030407258219886,0.03275012130563634,-0.0810489206905062,0.04165100974007625,0.09758028635624083
