ym,threshold,cap_conservative_m,cap_aggregate_m,n_stocks,binding_ric,binding_adv_m,binding_weight,binding_country,binding_industry
2014-02-01,0.05,157.2640269509822,2951.246371702959,87,BIC.CN,0.5156676269326309,0.003442942539224358,COLOMBIA,FINAN
2014-02-01,0.1,314.5280539019644,5902.492743405918,87,BIC.CN,0.5156676269326309,0.003442942539224358,COLOMBIA,FINAN
2014-02-01,0.15,471.7920808529465,8853.739115108881,87,BIC.CN,0.5156676269326309,0.003442942539224358,COLOMBIA,FINAN
2014-02-01,0.2,629.0561078039289,11804.985486811836,87,BIC.CN,0.5156676269326309,0.003442942539224358,COLOMBIA,FINAN
2014-02-01,0.25,786.3201347549109,14756.2318585148,87,BIC.CN,0.5156676269326309,0.003442942539224358,COLOMBIA,FINAN
2014-03-01,0.05,151.8241233496481,3160.1765824455047,87,1066.HK,8.146329093683672,0.05633917298286632,CHINA,HLTHC
2014-03-01,0.1,303.6482466992962,6320.353164891009,87,1066.HK,8.146329093683672,0.05633917298286632,CHINA,HLTHC
2014-03-01,0.15,455.47237004894413,9480.529747336514,87,1066.HK,8.146329093683672,0.05633917298286632,CHINA,HLTHC
2014-03-01,0.2,607.2964933985924,12640.706329782019,87,1066.HK,8.146329093683672,0.05633917298286632,CHINA,HLTHC
2014-03-01,0.25,759.1206167482402,15800.88291222752,87,1066.HK,8.146329093683672,0.05633917298286632,CHINA,HLTHC
2014-04-01,0.05,146.7850477216294,3103.7938297376413,87,1066.HK,6.663577332067048,0.04766668204475025,CHINA,HLTHC
2014-04-01,0.1,293.5700954432588,6207.587659475283,87,1066.HK,6.663577332067048,0.04766668204475025,CHINA,HLTHC
2014-04-01,0.15,440.3551431648882,9311.38148921292,87,1066.HK,6.663577332067048,0.04766668204475025,CHINA,HLTHC
2014-04-01,0.2,587.1401908865176,12415.175318950565,87,1066.HK,6.663577332067048,0.04766668204475025,CHINA,HLTHC
2014-04-01,0.25,733.925238608147,15518.96914868821,87,1066.HK,6.663577332067048,0.04766668204475025,CHINA,HLTHC
2014-05-01,0.05,246.00032696088823,4647.622747151391,87,1066.HK,9.018990287597713,0.03849563908702947,CHINA,HLTHC
2014-05-01,0.1,492.00065392177646,9295.245494302782,87,1066.HK,9.018990287597713,0.03849563908702947,CHINA,HLTHC
2014-05-01,0.15,738.0009808826646,13942.868241454174,87,1066.HK,9.018990287597713,0.03849563908702947,CHINA,HLTHC
2014-05-01,0.2,984.0013078435529,18590.490988605565,87,1066.HK,9.018990287597713,0.03849563908702947,CHINA,HLTHC
2014-05-01,0.25,1230.001634804441,23238.11373575696,87,1066.HK,9.018990287597713,0.03849563908702947,CHINA,HLTHC
2014-06-01,0.05,106.72355779889993,2775.506847195747,87,1066.HK,3.8834928744162185,0.0382077547097953,CHINA,HLTHC
2014-06-01,0.1,213.44711559779986,5551.013694391494,87,1066.HK,3.8834928744162185,0.0382077547097953,CHINA,HLTHC
2014-06-01,0.15,320.1706733966997,8326.520541587239,87,1066.HK,3.8834928744162185,0.0382077547097953,CHINA,HLTHC
2014-06-01,0.2,426.89423119559973,11102.027388782988,87,1066.HK,3.8834928744162185,0.0382077547097953,CHINA,HLTHC
2014-06-01,0.25,533.6177889944996,13877.534235978734,87,1066.HK,3.8834928744162185,0.0382077547097953,CHINA,HLTHC
2014-07-01,0.05,193.01996468379014,3200.2982261977877,87,1066.HK,6.277125274822856,0.0341466311495886,CHINA,HLTHC
2014-07-01,0.1,386.03992936758027,6400.596452395575,87,1066.HK,6.277125274822856,0.0341466311495886,CHINA,HLTHC
2014-07-01,0.15,579.0598940513702,9600.894678593362,87,1066.HK,6.277125274822856,0.0341466311495886,CHINA,HLTHC
2014-07-01,0.2,772.0798587351605,12801.19290479115,87,1066.HK,6.277125274822856,0.0341466311495886,CHINA,HLTHC
2014-07-01,0.25,965.0998234189505,16001.49113098894,87,1066.HK,6.277125274822856,0.0341466311495886,CHINA,HLTHC
2014-08-01,0.05,214.79414916415655,2917.707974370188,87,SQMB.SN,2.4066172716831358,0.011764511021834543,CHILE,BMATR
2014-08-01,0.1,429.5882983283131,5835.415948740376,87,SQMB.SN,2.4066172716831358,0.011764511021834543,CHILE,BMATR
2014-08-01,0.15,644.3824474924696,8753.123923110561,87,SQMB.SN,2.4066172716831358,0.011764511021834543,CHILE,BMATR
2014-08-01,0.2,859.1765966566262,11670.831897480752,87,SQMB.SN,2.4066172716831358,0.011764511021834543,CHILE,BMATR
2014-08-01,0.25,1073.9707458207827,14588.539871850937,87,SQMB.SN,2.4066172716831358,0.011764511021834543,CHILE,BMATR
2014-09-01,0.05,176.93985737120312,3152.7604473357674,87,1066.HK,4.517012088782474,0.0268049424459042,CHINA,HLTHC
2014-09-01,0.1,353.87971474240624,6305.520894671535,87,1066.HK,4.517012088782474,0.0268049424459042,CHINA,HLTHC
2014-09-01,0.15,530.8195721136094,9458.2813420073,87,1066.HK,4.517012088782474,0.0268049424459042,CHINA,HLTHC
2014-09-01,0.2,707.7594294848125,12611.04178934307,87,1066.HK,4.517012088782474,0.0268049424459042,CHINA,HLTHC
2014-09-01,0.25,884.6992868560155,15763.802236678834,87,1066.HK,4.517012088782474,0.0268049424459042,CHINA,HLTHC
2014-10-01,0.05,167.96696317140456,3131.6937854409493,87,1066.HK,5.516672901539204,0.03448598722776877,CHINA,HLTHC
2014-10-01,0.1,335.9339263428091,6263.387570881899,87,1066.HK,5.516672901539204,0.03448598722776877,CHINA,HLTHC
2014-10-01,0.15,503.90088951421353,9395.081356322853,87,1066.HK,5.516672901539204,0.03448598722776877,CHINA,HLTHC
2014-10-01,0.2,671.8678526856182,12526.775141763797,87,1066.HK,5.516672901539204,0.03448598722776877,CHINA,HLTHC
2014-10-01,0.25,839.8348158570226,15658.46892720475,87,1066.HK,5.516672901539204,0.03448598722776877,CHINA,HLTHC
2014-11-01,0.05,144.76453310861814,3264.552923126038,87,1066.HK,5.066391097887095,0.03674733402269203,CHINA,HLTHC
2014-11-01,0.1,289.5290662172363,6529.105846252076,87,1066.HK,5.066391097887095,0.03674733402269203,CHINA,HLTHC
2014-11-01,0.15,434.2935993258544,9793.658769378111,87,1066.HK,5.066391097887095,0.03674733402269203,CHINA,HLTHC
2014-11-01,0.2,579.0581324344726,13058.211692504152,87,1066.HK,5.066391097887095,0.03674733402269203,CHINA,HLTHC
2014-11-01,0.25,723.8226655430907,16322.764615630183,87,1066.HK,5.066391097887095,0.03674733402269203,CHINA,HLTHC
2014-12-01,0.05,183.12968546727782,3142.2914280740665,87,BATO.KL,2.5121361906539676,0.014403688803681074,MALAYSIA,COSTP
2014-12-01,0.1,366.25937093455565,6284.582856148133,87,BATO.KL,2.5121361906539676,0.014403688803681074,MALAYSIA,COSTP
2014-12-01,0.15,549.3890564018334,9426.874284222196,87,BATO.KL,2.5121361906539676,0.014403688803681074,MALAYSIA,COSTP
2014-12-01,0.2,732.5187418691113,12569.165712296266,87,BATO.KL,2.5121361906539676,0.014403688803681074,MALAYSIA,COSTP
2014-12-01,0.25,915.648427336389,15711.45714037033,87,BATO.KL,2.5121361906539676,0.014403688803681074,MALAYSIA,COSTP
2015-01-01,0.05,170.37348029567153,4062.0914565696703,87,BATO.KL,2.406917733420276,0.0148336678672373,MALAYSIA,COSTP
2015-01-01,0.1,340.74696059134305,8124.182913139341,87,BATO.KL,2.406917733420276,0.0148336678672373,MALAYSIA,COSTP
2015-01-01,0.15,511.1204408870145,12186.274369709014,87,BATO.KL,2.406917733420276,0.0148336678672373,MALAYSIA,COSTP
2015-01-01,0.2,681.4939211826861,16248.365826278681,87,BATO.KL,2.406917733420276,0.0148336678672373,MALAYSIA,COSTP
2015-01-01,0.25,851.8674014783576,20310.457282848354,87,BATO.KL,2.406917733420276,0.0148336678672373,MALAYSIA,COSTP
2015-02-01,0.05,211.3052604918687,3380.7450232132164,91,BATO.KL,2.727900331612903,0.013555248655552377,MALAYSIA,COSTP
2015-02-01,0.1,422.6105209837374,6761.490046426433,91,BATO.KL,2.727900331612903,0.013555248655552377,MALAYSIA,COSTP
2015-02-01,0.15,633.9157814756061,10142.235069639648,91,BATO.KL,2.727900331612903,0.013555248655552377,MALAYSIA,COSTP
2015-02-01,0.2,845.2210419674748,13522.980092852866,91,BATO.KL,2.727900331612903,0.013555248655552377,MALAYSIA,COSTP
2015-02-01,0.25,1056.5263024593437,16903.72511606608,91,BATO.KL,2.727900331612903,0.013555248655552377,MALAYSIA,COSTP
2015-03-01,0.05,264.97588985103846,3992.7164890473623,91,BATO.KL,3.6292526524081627,0.014381366120407565,MALAYSIA,COSTP
2015-03-01,0.1,529.9517797020769,7985.432978094725,91,BATO.KL,3.6292526524081627,0.014381366120407565,MALAYSIA,COSTP
2015-03-01,0.15,794.9276695531153,11978.149467142084,91,BATO.KL,3.6292526524081627,0.014381366120407565,MALAYSIA,COSTP
2015-03-01,0.2,1059.9035594041538,15970.86595618945,91,BATO.KL,3.6292526524081627,0.014381366120407565,MALAYSIA,COSTP
2015-03-01,0.25,1324.8794492551922,19963.582445236803,91,BATO.KL,3.6292526524081627,0.014381366120407565,MALAYSIA,COSTP
2015-04-01,0.05,129.7262297012901,3154.3979581229196,91,3377.HK,2.435573617495569,0.019713455823536633,CHINA,RLEST
2015-04-01,0.1,259.4524594025802,6308.795916245839,91,3377.HK,2.435573617495569,0.019713455823536633,CHINA,RLEST
2015-04-01,0.15,389.17868910387017,9463.193874368757,91,3377.HK,2.435573617495569,0.019713455823536633,CHINA,RLEST
2015-04-01,0.2,518.9049188051604,12617.591832491678,91,3377.HK,2.435573617495569,0.019713455823536633,CHINA,RLEST
2015-04-01,0.25,648.6311485064504,15771.989790614596,91,3377.HK,2.435573617495569,0.019713455823536633,CHINA,RLEST
2015-05-01,0.05,305.8665698407505,5161.486216819875,91,2207.TW,3.460308133449143,0.01187878604063625,TAIWAN,CODIS
2015-05-01,0.1,611.733139681501,10322.97243363975,91,2207.TW,3.460308133449143,0.01187878604063625,TAIWAN,CODIS
2015-05-01,0.15,917.5997095222517,15484.458650459626,91,2207.TW,3.460308133449143,0.01187878604063625,TAIWAN,CODIS
2015-05-01,0.2,1223.466279363002,20645.9448672795,91,2207.TW,3.460308133449143,0.01187878604063625,TAIWAN,CODIS
2015-05-01,0.25,1529.3328492037526,25807.431084099368,91,2207.TW,3.460308133449143,0.01187878604063625,TAIWAN,CODIS
2015-06-01,0.05,229.84608470666598,4402.394511981631,91,ALI.PS,7.830538540804275,0.03577204927522541,PHILIPPINES,RLEST
2015-06-01,0.1,459.69216941333195,8804.789023963262,91,ALI.PS,7.830538540804275,0.03577204927522541,PHILIPPINES,RLEST
2015-06-01,0.15,689.5382541199979,13207.183535944885,91,ALI.PS,7.830538540804275,0.03577204927522541,PHILIPPINES,RLEST
2015-06-01,0.2,919.3843388266639,17609.578047926523,91,ALI.PS,7.830538540804275,0.03577204927522541,PHILIPPINES,RLEST
2015-06-01,0.25,1149.2304235333297,22011.97255990815,91,ALI.PS,7.830538540804275,0.03577204927522541,PHILIPPINES,RLEST
2015-07-01,0.05,214.08586651203558,4110.045425625843,91,3377.HK,7.751024574213132,0.03801547451740001,CHINA,RLEST
2015-07-01,0.1,428.17173302407116,8220.090851251685,91,3377.HK,7.751024574213132,0.03801547451740001,CHINA,RLEST
2015-07-01,0.15,642.2575995361067,12330.136276877527,91,3377.HK,7.751024574213132,0.03801547451740001,CHINA,RLEST
2015-07-01,0.2,856.3434660481423,16440.18170250337,91,3377.HK,7.751024574213132,0.03801547451740001,CHINA,RLEST
2015-07-01,0.25,1070.429332560178,20550.227128129216,91,3377.HK,7.751024574213132,0.03801547451740001,CHINA,RLEST
2015-08-01,0.05,254.7678872771795,5923.560745700511,91,3377.HK,7.777165645310383,0.03205279917673268,CHINA,RLEST
2015-08-01,0.1,509.535774554359,11847.121491401022,91,3377.HK,7.777165645310383,0.03205279917673268,CHINA,RLEST
2015-08-01,0.15,764.3036618315383,17770.682237101533,91,3377.HK,7.777165645310383,0.03205279917673268,CHINA,RLEST
2015-08-01,0.2,1019.071549108718,23694.242982802043,91,3377.HK,7.777165645310383,0.03205279917673268,CHINA,RLEST
2015-08-01,0.25,1273.8394363858974,29617.80372850255,91,3377.HK,7.777165645310383,0.03205279917673268,CHINA,RLEST
2015-09-01,0.05,108.30870130572742,3780.3934299182274,91,3377.HK,3.3753303982625793,0.032722180909284845,CHINA,RLEST
2015-09-01,0.1,216.61740261145485,7560.786859836455,91,3377.HK,3.3753303982625793,0.032722180909284845,CHINA,RLEST
2015-09-01,0.15,324.9261039171822,11341.180289754684,91,3377.HK,3.3753303982625793,0.032722180909284845,CHINA,RLEST
2015-09-01,0.2,433.2348052229097,15121.57371967291,91,3377.HK,3.3753303982625793,0.032722180909284845,CHINA,RLEST
2015-09-01,0.25,541.5435065286371,18901.967149591143,91,3377.HK,3.3753303982625793,0.032722180909284845,CHINA,RLEST
2015-10-01,0.05,130.82418125208423,5221.654128214015,91,3377.HK,5.196482439972674,0.04170717148580955,CHINA,RLEST
2015-10-01,0.1,261.64836250416846,10443.30825642803,91,3377.HK,5.196482439972674,0.04170717148580955,CHINA,RLEST
2015-10-01,0.15,392.4725437562527,15664.962384642045,91,3377.HK,5.196482439972674,0.04170717148580955,CHINA,RLEST
2015-10-01,0.2,523.2967250083369,20886.61651285606,91,3377.HK,5.196482439972674,0.04170717148580955,CHINA,RLEST
2015-10-01,0.25,654.1209062604212,26108.27064107008,91,3377.HK,5.196482439972674,0.04170717148580955,CHINA,RLEST
2015-11-01,0.05,137.21597578672598,3892.9196980959587,91,3377.HK,5.024790283453568,0.03845055043610045,CHINA,RLEST
2015-11-01,0.1,274.43195157345195,7785.839396191917,91,3377.HK,5.024790283453568,0.03845055043610045,CHINA,RLEST
2015-11-01,0.15,411.647927360178,11678.759094287874,91,3377.HK,5.024790283453568,0.03845055043610045,CHINA,RLEST
2015-11-01,0.2,548.8639031469039,15571.678792383835,91,3377.HK,5.024790283453568,0.03845055043610045,CHINA,RLEST
2015-11-01,0.25,686.07987893363,19464.598490479795,91,3377.HK,5.024790283453568,0.03845055043610045,CHINA,RLEST
2015-12-01,0.05,160.1963924055246,3649.676317470462,91,CPN.BK,4.9313430569,0.03232226476509863,THAILAND,RLEST
2015-12-01,0.1,320.3927848110492,7299.352634940924,91,CPN.BK,4.9313430569,0.03232226476509863,THAILAND,RLEST
2015-12-01,0.15,480.5891772165737,10949.028952411387,91,CPN.BK,4.9313430569,0.03232226476509863,THAILAND,RLEST
2015-12-01,0.2,640.7855696220984,14598.705269881848,91,CPN.BK,4.9313430569,0.03232226476509863,THAILAND,RLEST
2015-12-01,0.25,800.9819620276229,18248.38158735231,91,CPN.BK,4.9313430569,0.03232226476509863,THAILAND,RLEST
2016-01-01,0.05,145.05330096443603,3804.646553104628,91,SMPH.PS,5.209748950230402,0.03771190563311005,PHILIPPINES,RLEST
2016-01-01,0.1,290.10660192887207,7609.293106209256,91,SMPH.PS,5.209748950230402,0.03771190563311005,PHILIPPINES,RLEST
2016-01-01,0.15,435.1599028933081,11413.93965931388,91,SMPH.PS,5.209748950230402,0.03771190563311005,PHILIPPINES,RLEST
2016-01-01,0.2,580.2132038577441,15218.586212418511,91,SMPH.PS,5.209748950230402,0.03771190563311005,PHILIPPINES,RLEST
2016-01-01,0.25,725.2665048221802,19023.232765523135,91,SMPH.PS,5.209748950230402,0.03771190563311005,PHILIPPINES,RLEST
2016-02-01,0.05,183.67439444141598,2773.631937990802,93,0960.HK,5.102011073256527,0.02916634974195075,CHINA,RLEST
2016-02-01,0.1,367.34878888283197,5547.263875981604,93,0960.HK,5.102011073256527,0.02916634974195075,CHINA,RLEST
2016-02-01,0.15,551.023183324248,8320.895813972404,93,0960.HK,5.102011073256527,0.02916634974195075,CHINA,RLEST
2016-02-01,0.2,734.6975777656639,11094.527751963207,93,0960.HK,5.102011073256527,0.02916634974195075,CHINA,RLEST
2016-02-01,0.25,918.37197220708,13868.159689954007,93,0960.HK,5.102011073256527,0.02916634974195075,CHINA,RLEST
2016-03-01,0.05,197.9635652576988,3701.7783333464904,92,SMPH.PS,6.209796959255148,0.03293680227838962,PHILIPPINES,RLEST
2016-03-01,0.1,395.9271305153976,7403.556666692981,92,SMPH.PS,6.209796959255148,0.03293680227838962,PHILIPPINES,RLEST
2016-03-01,0.15,593.8906957730964,11105.335000039466,92,SMPH.PS,6.209796959255148,0.03293680227838962,PHILIPPINES,RLEST
2016-03-01,0.2,791.8542610307952,14807.113333385962,92,SMPH.PS,6.209796959255148,0.03293680227838962,PHILIPPINES,RLEST
2016-03-01,0.25,989.817826288494,18508.891666732445,92,SMPH.PS,6.209796959255148,0.03293680227838962,PHILIPPINES,RLEST
2016-04-01,0.05,145.89624728944545,3755.4337449114955,92,0960.HK,5.242447975644607,0.03772934860693332,CHINA,RLEST
2016-04-01,0.1,291.7924945788909,7510.867489822991,92,0960.HK,5.242447975644607,0.03772934860693332,CHINA,RLEST
2016-04-01,0.15,437.6887418683363,11266.301234734485,92,0960.HK,5.242447975644607,0.03772934860693332,CHINA,RLEST
2016-04-01,0.2,583.5849891577818,15021.734979645982,92,0960.HK,5.242447975644607,0.03772934860693332,CHINA,RLEST
2016-04-01,0.25,729.4812364472272,18777.168724557472,92,0960.HK,5.242447975644607,0.03772934860693332,CHINA,RLEST
2016-05-01,0.05,148.98988281044888,4089.4445611918118,92,SQMB.SN,2.8289403419096515,0.01993683935428142,CHILE,BMATR
2016-05-01,0.1,297.97976562089775,8178.8891223836235,92,SQMB.SN,2.8289403419096515,0.01993683935428142,CHILE,BMATR
2016-05-01,0.15,446.9696484313466,12268.333683575436,92,SQMB.SN,2.8289403419096515,0.01993683935428142,CHILE,BMATR
2016-05-01,0.2,595.9595312417955,16357.778244767247,92,SQMB.SN,2.8289403419096515,0.01993683935428142,CHILE,BMATR
2016-05-01,0.25,744.9494140522444,20447.22280595906,92,SQMB.SN,2.8289403419096515,0.01993683935428142,CHILE,BMATR
2016-06-01,0.05,181.25242189874461,3540.2953405005087,92,SQMB.SN,3.177928434319603,0.01840982217550548,CHILE,BMATR
2016-06-01,0.1,362.50484379748923,7080.590681001017,92,SQMB.SN,3.177928434319603,0.01840982217550548,CHILE,BMATR
2016-06-01,0.15,543.7572656962336,10620.886021501525,92,SQMB.SN,3.177928434319603,0.01840982217550548,CHILE,BMATR
2016-06-01,0.2,725.0096875949785,14161.181362002035,92,SQMB.SN,3.177928434319603,0.01840982217550548,CHILE,BMATR
2016-06-01,0.25,906.2621094937228,17701.476702502547,92,SQMB.SN,3.177928434319603,0.01840982217550548,CHILE,BMATR
2016-07-01,0.05,210.78120761789745,3985.090570674155,92,MXSC.KL,4.365916189765079,0.02174867508854754,MALAYSIA,TELCM
2016-07-01,0.1,421.5624152357949,7970.18114134831,92,MXSC.KL,4.365916189765079,0.02174867508854754,MALAYSIA,TELCM
2016-07-01,0.15,632.3436228536923,11955.271712022464,92,MXSC.KL,4.365916189765079,0.02174867508854754,MALAYSIA,TELCM
2016-07-01,0.2,843.1248304715898,15940.36228269662,92,MXSC.KL,4.365916189765079,0.02174867508854754,MALAYSIA,TELCM
2016-07-01,0.25,1053.906038089487,19925.452853370778,92,MXSC.KL,4.365916189765079,0.02174867508854754,MALAYSIA,TELCM
2016-08-01,0.05,145.14445862264404,3587.8515836400593,91,SQMB.SN,3.3938357905961594,0.024551592351111783,CHILE,BMATR
2016-08-01,0.1,290.2889172452881,7175.703167280119,91,SQMB.SN,3.3938357905961594,0.024551592351111783,CHILE,BMATR
2016-08-01,0.15,435.43337586793206,10763.554750920177,91,SQMB.SN,3.3938357905961594,0.024551592351111783,CHILE,BMATR
2016-08-01,0.2,580.5778344905762,14351.406334560237,91,SQMB.SN,3.3938357905961594,0.024551592351111783,CHILE,BMATR
2016-08-01,0.25,725.7222931132201,17939.257918200292,91,SQMB.SN,3.3938357905961594,0.024551592351111783,CHILE,BMATR
2016-09-01,0.05,167.71496098180953,4229.223924882513,91,SQMB.SN,2.8306913049140676,0.01772188868995498,CHILE,BMATR
2016-09-01,0.1,335.42992196361905,8458.447849765025,91,SQMB.SN,2.8306913049140676,0.01772188868995498,CHILE,BMATR
2016-09-01,0.15,503.1448829454286,12687.671774647537,91,SQMB.SN,2.8306913049140676,0.01772188868995498,CHILE,BMATR
2016-09-01,0.2,670.8598439272381,16916.89569953005,91,SQMB.SN,2.8306913049140676,0.01772188868995498,CHILE,BMATR
2016-09-01,0.25,838.5748049090477,21146.119624412568,91,SQMB.SN,2.8306913049140676,0.01772188868995498,CHILE,BMATR
2016-10-01,0.05,263.86083608403646,4036.3189570177424,91,SQMB.SN,5.96160488405381,0.023723433993299663,CHILE,BMATR
2016-10-01,0.1,527.7216721680729,8072.637914035485,91,SQMB.SN,5.96160488405381,0.023723433993299663,CHILE,BMATR
2016-10-01,0.15,791.5825082521093,12108.956871053226,91,SQMB.SN,5.96160488405381,0.023723433993299663,CHILE,BMATR
2016-10-01,0.2,1055.4433443361459,16145.27582807097,91,SQMB.SN,5.96160488405381,0.023723433993299663,CHILE,BMATR
2016-10-01,0.25,1319.304180420182,20181.594785088717,91,SQMB.SN,5.96160488405381,0.023723433993299663,CHILE,BMATR
2016-11-01,0.05,102.27596631320863,3761.9043682847087,90,SQMB.SN,3.364689407759432,0.034543050586569105,CHILE,BMATR
2016-11-01,0.1,204.55193262641725,7523.808736569417,90,SQMB.SN,3.364689407759432,0.034543050586569105,CHILE,BMATR
2016-11-01,0.15,306.8278989396258,11285.713104854125,90,SQMB.SN,3.364689407759432,0.034543050586569105,CHILE,BMATR
2016-11-01,0.2,409.1038652528345,15047.617473138835,90,SQMB.SN,3.364689407759432,0.034543050586569105,CHILE,BMATR
2016-11-01,0.25,511.37983156604315,18809.521841423542,90,SQMB.SN,3.364689407759432,0.034543050586569105,CHILE,BMATR
2016-12-01,0.05,142.05441068861387,4159.512344924419,91,SQMB.SN,6.48196466306928,0.0479116618993392,CHILE,BMATR
2016-12-01,0.1,284.10882137722774,8319.024689848839,91,SQMB.SN,6.48196466306928,0.0479116618993392,CHILE,BMATR
2016-12-01,0.15,426.16323206584156,12478.537034773257,91,SQMB.SN,6.48196466306928,0.0479116618993392,CHILE,BMATR
2016-12-01,0.2,568.2176427544555,16638.049379697677,91,SQMB.SN,6.48196466306928,0.0479116618993392,CHILE,BMATR
2016-12-01,0.25,710.2720534430692,20797.561724622094,91,SQMB.SN,6.48196466306928,0.0479116618993392,CHILE,BMATR
2017-01-01,0.05,172.08116058425588,4018.47478200383,93,SQMB.SN,6.879992728923442,0.04198014669846756,CHILE,BMATR
2017-01-01,0.1,344.16232116851177,8036.94956400766,93,SQMB.SN,6.879992728923442,0.04198014669846756,CHILE,BMATR
2017-01-01,0.15,516.2434817527675,12055.424346011487,93,SQMB.SN,6.879992728923442,0.04198014669846756,CHILE,BMATR
2017-01-01,0.2,688.3246423370235,16073.89912801532,93,SQMB.SN,6.879992728923442,0.04198014669846756,CHILE,BMATR
2017-01-01,0.25,860.4058029212792,20092.37391001915,93,SQMB.SN,6.879992728923442,0.04198014669846756,CHILE,BMATR
2017-02-01,0.05,108.13610197764312,3308.5579394333754,91,MXSC.KL,1.9831636032344082,0.019256490157437373,MALAYSIA,TELCM
2017-02-01,0.1,216.27220395528624,6617.115878866751,91,MXSC.KL,1.9831636032344082,0.019256490157437373,MALAYSIA,TELCM
2017-02-01,0.15,324.4083059329293,9925.673818300123,91,MXSC.KL,1.9831636032344082,0.019256490157437373,MALAYSIA,TELCM
2017-02-01,0.2,432.5444079105725,13234.231757733502,91,MXSC.KL,1.9831636032344082,0.019256490157437373,MALAYSIA,TELCM
2017-02-01,0.25,540.6805098882156,16542.789697166874,91,MXSC.KL,1.9831636032344082,0.019256490157437373,MALAYSIA,TELCM
2017-03-01,0.05,183.70379753537887,4353.864732682716,91,AC.PS,3.8917214751984024,0.02224400150558322,PHILIPPINES,RLEST
2017-03-01,0.1,367.40759507075774,8707.729465365432,91,AC.PS,3.8917214751984024,0.02224400150558322,PHILIPPINES,RLEST
2017-03-01,0.15,551.1113926061365,13061.594198048146,91,AC.PS,3.8917214751984024,0.02224400150558322,PHILIPPINES,RLEST
2017-03-01,0.2,734.8151901415155,17415.458930730863,91,AC.PS,3.8917214751984024,0.02224400150558322,PHILIPPINES,RLEST
2017-03-01,0.25,918.5189876768943,21769.323663413576,91,AC.PS,3.8917214751984024,0.02224400150558322,PHILIPPINES,RLEST
2017-04-01,0.05,192.13830328153207,3860.666925799751,88,AC.PS,4.246948065124284,0.02320877926066872,PHILIPPINES,RLEST
2017-04-01,0.1,384.27660656306415,7721.333851599502,88,AC.PS,4.246948065124284,0.02320877926066872,PHILIPPINES,RLEST
2017-04-01,0.15,576.4149098445962,11582.000777399251,88,AC.PS,4.246948065124284,0.02320877926066872,PHILIPPINES,RLEST
2017-04-01,0.2,768.5532131261283,15442.667703199004,88,AC.PS,4.246948065124284,0.02320877926066872,PHILIPPINES,RLEST
2017-04-01,0.25,960.6915164076603,19303.334628998753,88,AC.PS,4.246948065124284,0.02320877926066872,PHILIPPINES,RLEST
2017-05-01,0.05,192.33583973807615,3943.7180770004293,90,AC.PS,4.391955797936202,0.023976569286894463,PHILIPPINES,RLEST
2017-05-01,0.1,384.6716794761523,7887.436154000859,90,AC.PS,4.391955797936202,0.023976569286894463,PHILIPPINES,RLEST
2017-05-01,0.15,577.0075192142284,11831.154231001286,90,AC.PS,4.391955797936202,0.023976569286894463,PHILIPPINES,RLEST
2017-05-01,0.2,769.3433589523046,15774.872308001717,90,AC.PS,4.391955797936202,0.023976569286894463,PHILIPPINES,RLEST
2017-05-01,0.25,961.6791986903808,19718.590385002146,90,AC.PS,4.391955797936202,0.023976569286894463,PHILIPPINES,RLEST
2017-06-01,0.05,151.55535096912234,4190.930718550793,88,AC.PS,4.072395770759935,0.0282142169969909,PHILIPPINES,RLEST
2017-06-01,0.1,303.1107019382447,8381.861437101586,88,AC.PS,4.072395770759935,0.0282142169969909,PHILIPPINES,RLEST
2017-06-01,0.15,454.6660529073669,12572.792155652378,88,AC.PS,4.072395770759935,0.0282142169969909,PHILIPPINES,RLEST
2017-06-01,0.2,606.2214038764894,16763.722874203173,88,AC.PS,4.072395770759935,0.0282142169969909,PHILIPPINES,RLEST
2017-06-01,0.25,757.7767548456115,20954.653592753963,88,AC.PS,4.072395770759935,0.0282142169969909,PHILIPPINES,RLEST
2017-07-01,0.05,191.84285390321955,5089.917423352066,89,MXSC.KL,2.956530791199999,0.016181772047271975,MALAYSIA,TELCM
2017-07-01,0.1,383.6857078064391,10179.834846704132,89,MXSC.KL,2.956530791199999,0.016181772047271975,MALAYSIA,TELCM
2017-07-01,0.15,575.5285617096586,15269.752270056195,89,MXSC.KL,2.956530791199999,0.016181772047271975,MALAYSIA,TELCM
2017-07-01,0.2,767.3714156128782,20359.669693408265,89,MXSC.KL,2.956530791199999,0.016181772047271975,MALAYSIA,TELCM
2017-07-01,0.25,959.2142695160977,25449.587116760325,89,MXSC.KL,2.956530791199999,0.016181772047271975,MALAYSIA,TELCM
2017-08-01,0.05,126.31966059327127,5301.885667642646,89,AC.PS,3.8134359771981603,0.031698215125439924,PHILIPPINES,RLEST
2017-08-01,0.1,252.63932118654253,10603.771335285292,89,AC.PS,3.8134359771981603,0.031698215125439924,PHILIPPINES,RLEST
2017-08-01,0.15,378.95898177981377,15905.657002927936,89,AC.PS,3.8134359771981603,0.031698215125439924,PHILIPPINES,RLEST
2017-08-01,0.2,505.27864237308506,21207.542670570583,89,AC.PS,3.8134359771981603,0.031698215125439924,PHILIPPINES,RLEST
2017-08-01,0.25,631.5983029663563,26509.42833821323,89,AC.PS,3.8134359771981603,0.031698215125439924,PHILIPPINES,RLEST
2017-09-01,0.05,169.39552936357268,5336.769761528236,90,AC.PS,4.540166268519668,0.028142269160562623,PHILIPPINES,RLEST
2017-09-01,0.1,338.79105872714536,10673.539523056472,90,AC.PS,4.540166268519668,0.028142269160562623,PHILIPPINES,RLEST
2017-09-01,0.15,508.186588090718,16010.30928458471,90,AC.PS,4.540166268519668,0.028142269160562623,PHILIPPINES,RLEST
2017-09-01,0.2,677.5821174542907,21347.079046112944,90,AC.PS,4.540166268519668,0.028142269160562623,PHILIPPINES,RLEST
2017-09-01,0.25,846.9776468178633,26683.84880764118,90,AC.PS,4.540166268519668,0.028142269160562623,PHILIPPINES,RLEST
2017-10-01,0.05,128.68747344395348,5360.085871071398,88,AC.PS,4.228983591329357,0.0345055556073975,PHILIPPINES,RLEST
2017-10-01,0.1,257.37494688790696,10720.171742142797,88,AC.PS,4.228983591329357,0.0345055556073975,PHILIPPINES,RLEST
2017-10-01,0.15,386.0624203318604,16080.257613214195,88,AC.PS,4.228983591329357,0.0345055556073975,PHILIPPINES,RLEST
2017-10-01,0.2,514.7498937758139,21440.343484285593,88,AC.PS,4.228983591329357,0.0345055556073975,PHILIPPINES,RLEST
2017-10-01,0.25,643.4373672197673,26800.42935535699,88,AC.PS,4.228983591329357,0.0345055556073975,PHILIPPINES,RLEST
2017-11-01,0.05,228.48840214468726,5496.290642012887,90,AC.PS,9.796051929903532,0.04501696554333348,PHILIPPINES,RLEST
2017-11-01,0.1,456.9768042893745,10992.581284025773,90,AC.PS,9.796051929903532,0.04501696554333348,PHILIPPINES,RLEST
2017-11-01,0.15,685.4652064340617,16488.87192603866,90,AC.PS,9.796051929903532,0.04501696554333348,PHILIPPINES,RLEST
2017-11-01,0.2,913.953608578749,21985.162568051546,90,AC.PS,9.796051929903532,0.04501696554333348,PHILIPPINES,RLEST
2017-11-01,0.25,1142.4420107234362,27481.45321006444,90,AC.PS,9.796051929903532,0.04501696554333348,PHILIPPINES,RLEST
2017-12-01,0.05,266.64850416968255,8497.686035937966,90,AC.PS,9.10505913122537,0.03585361229591938,PHILIPPINES,RLEST
2017-12-01,0.1,533.2970083393651,16995.372071875932,90,AC.PS,9.10505913122537,0.03585361229591938,PHILIPPINES,RLEST
2017-12-01,0.15,799.9455125090476,25493.0581078139,90,AC.PS,9.10505913122537,0.03585361229591938,PHILIPPINES,RLEST
2017-12-01,0.2,1066.5940166787302,33990.744143751865,90,AC.PS,9.10505913122537,0.03585361229591938,PHILIPPINES,RLEST
2017-12-01,0.25,1333.2425208484126,42488.43017968983,90,AC.PS,9.10505913122537,0.03585361229591938,PHILIPPINES,RLEST
2018-01-01,0.05,151.8453320113262,7655.362123450788,90,AC.PS,5.659797519929695,0.03913710956542876,PHILIPPINES,RLEST
2018-01-01,0.1,303.6906640226524,15310.724246901576,90,AC.PS,5.659797519929695,0.03913710956542876,PHILIPPINES,RLEST
2018-01-01,0.15,455.53599603397845,22966.086370352365,90,AC.PS,5.659797519929695,0.03913710956542876,PHILIPPINES,RLEST
2018-01-01,0.2,607.3813280453048,30621.448493803153,90,AC.PS,5.659797519929695,0.03913710956542876,PHILIPPINES,RLEST
2018-01-01,0.25,759.2266600566309,38276.81061725394,90,AC.PS,5.659797519929695,0.03913710956542876,PHILIPPINES,RLEST
2018-02-01,0.05,150.49570419936126,7677.075513472711,91,AC.PS,4.740779717660942,0.03307615144250155,PHILIPPINES,RLEST
2018-02-01,0.1,300.9914083987225,15354.151026945421,91,AC.PS,4.740779717660942,0.03307615144250155,PHILIPPINES,RLEST
2018-02-01,0.15,451.4871125980838,23031.22654041813,91,AC.PS,4.740779717660942,0.03307615144250155,PHILIPPINES,RLEST
2018-02-01,0.2,601.982816797445,30708.302053890842,91,AC.PS,4.740779717660942,0.03307615144250155,PHILIPPINES,RLEST
2018-02-01,0.25,752.4785209968063,38385.377567363554,91,AC.PS,4.740779717660942,0.03307615144250155,PHILIPPINES,RLEST
2018-03-01,0.05,208.45062693893547,9568.211623158675,93,3320.HK,4.082926519472143,0.0205663706000828,HONG KONG,HLTHC
2018-03-01,0.1,416.90125387787094,19136.42324631735,93,3320.HK,4.082926519472143,0.0205663706000828,HONG KONG,HLTHC
2018-03-01,0.15,625.3518808168064,28704.634869476035,93,3320.HK,4.082926519472143,0.0205663706000828,HONG KONG,HLTHC
2018-03-01,0.2,833.8025077557419,38272.8464926347,93,3320.HK,4.082926519472143,0.0205663706000828,HONG KONG,HLTHC
2018-03-01,0.25,1042.2531346946776,47841.05811579339,93,3320.HK,4.082926519472143,0.0205663706000828,HONG KONG,HLTHC
2018-04-01,0.05,186.38214371046175,7727.68822207374,92,3320.HK,4.092646993859048,0.023056282420636155,HONG KONG,HLTHC
2018-04-01,0.1,372.7642874209235,15455.37644414748,92,3320.HK,4.092646993859048,0.023056282420636155,HONG KONG,HLTHC
2018-04-01,0.15,559.1464311313852,23183.064666221217,92,3320.HK,4.092646993859048,0.023056282420636155,HONG KONG,HLTHC
2018-04-01,0.2,745.528574841847,30910.75288829496,92,3320.HK,4.092646993859048,0.023056282420636155,HONG KONG,HLTHC
2018-04-01,0.25,931.9107185523087,38638.4411103687,92,3320.HK,4.092646993859048,0.023056282420636155,HONG KONG,HLTHC
2018-05-01,0.05,225.14237088090442,8583.11667441505,93,SMPH.PS,4.171913661264264,0.01945661905925595,PHILIPPINES,RLEST
2018-05-01,0.1,450.28474176180885,17166.2333488301,93,SMPH.PS,4.171913661264264,0.01945661905925595,PHILIPPINES,RLEST
2018-05-01,0.15,675.4271126427133,25749.350023245144,93,SMPH.PS,4.171913661264264,0.01945661905925595,PHILIPPINES,RLEST
2018-05-01,0.2,900.5694835236177,34332.4666976602,93,SMPH.PS,4.171913661264264,0.01945661905925595,PHILIPPINES,RLEST
2018-05-01,0.25,1125.7118544045222,42915.583372075234,93,SMPH.PS,4.171913661264264,0.01945661905925595,PHILIPPINES,RLEST
2018-06-01,0.05,208.11357178343022,8010.0788868554455,93,3320.HK,6.027830128922887,0.030412344476771686,HONG KONG,HLTHC
2018-06-01,0.1,416.22714356686043,16020.157773710891,93,3320.HK,6.027830128922887,0.030412344476771686,HONG KONG,HLTHC
2018-06-01,0.15,624.3407153502907,24030.236660566337,93,3320.HK,6.027830128922887,0.030412344476771686,HONG KONG,HLTHC
2018-06-01,0.2,832.4542871337209,32040.315547421782,93,3320.HK,6.027830128922887,0.030412344476771686,HONG KONG,HLTHC
2018-06-01,0.25,1040.567858917151,40050.39443427723,93,3320.HK,6.027830128922887,0.030412344476771686,HONG KONG,HLTHC
2018-07-01,0.05,381.45487534823815,7658.747167512378,93,3320.HK,11.982482483571427,0.03298321091390951,HONG KONG,HLTHC
2018-07-01,0.1,762.9097506964763,15317.494335024756,93,3320.HK,11.982482483571427,0.03298321091390951,HONG KONG,HLTHC
2018-07-01,0.15,1144.3646260447144,22976.241502537127,93,3320.HK,11.982482483571427,0.03298321091390951,HONG KONG,HLTHC
2018-07-01,0.2,1525.8195013929526,30634.98867004951,93,3320.HK,11.982482483571427,0.03298321091390951,HONG KONG,HLTHC
2018-07-01,0.25,1907.2743767411905,38293.73583756189,93,3320.HK,11.982482483571427,0.03298321091390951,HONG KONG,HLTHC
2018-08-01,0.05,111.96898859375827,7210.384064827739,94,3320.HK,4.566263850546112,0.04282058008462437,HONG KONG,HLTHC
2018-08-01,0.1,223.93797718751654,14420.768129655478,94,3320.HK,4.566263850546112,0.04282058008462437,HONG KONG,HLTHC
2018-08-01,0.15,335.9069657812748,21631.152194483217,94,3320.HK,4.566263850546112,0.04282058008462437,HONG KONG,HLTHC
2018-08-01,0.2,447.8759543750331,28841.536259310957,94,3320.HK,4.566263850546112,0.04282058008462437,HONG KONG,HLTHC
2018-08-01,0.25,559.8449429687913,36051.92032413869,94,3320.HK,4.566263850546112,0.04282058008462437,HONG KONG,HLTHC
2018-09-01,0.05,95.07292950056605,7237.219493571897,94,3320.HK,3.852960301481474,0.04255268390074654,HONG KONG,HLTHC
2018-09-01,0.1,190.1458590011321,14474.438987143794,94,3320.HK,3.852960301481474,0.04255268390074654,HONG KONG,HLTHC
2018-09-01,0.15,285.21878850169816,21711.658480715687,94,3320.HK,3.852960301481474,0.04255268390074654,HONG KONG,HLTHC
2018-09-01,0.2,380.2917180022642,28948.87797428759,94,3320.HK,3.852960301481474,0.04255268390074654,HONG KONG,HLTHC
2018-09-01,0.25,475.3646475028302,36186.09746785949,94,3320.HK,3.852960301481474,0.04255268390074654,HONG KONG,HLTHC
2018-10-01,0.05,123.81528174975715,7318.274526369717,95,MXSC.KL,2.241904063806984,0.019012186813538876,MALAYSIA,TELCM
2018-10-01,0.1,247.6305634995143,14636.549052739434,95,MXSC.KL,2.241904063806984,0.019012186813538876,MALAYSIA,TELCM
2018-10-01,0.15,371.44584524927143,21954.823579109147,95,MXSC.KL,2.241904063806984,0.019012186813538876,MALAYSIA,TELCM
2018-10-01,0.2,495.2611269990286,29273.098105478868,95,MXSC.KL,2.241904063806984,0.019012186813538876,MALAYSIA,TELCM
2018-10-01,0.25,619.0764087487858,36591.37263184858,95,MXSC.KL,2.241904063806984,0.019012186813538876,MALAYSIA,TELCM
2018-11-01,0.05,118.69619871602326,6730.853665013854,94,MXSC.KL,2.402651656428571,0.02125412832542075,MALAYSIA,TELCM
2018-11-01,0.1,237.39239743204652,13461.707330027708,94,MXSC.KL,2.402651656428571,0.02125412832542075,MALAYSIA,TELCM
2018-11-01,0.15,356.0885961480697,20192.560995041564,94,MXSC.KL,2.402651656428571,0.02125412832542075,MALAYSIA,TELCM
2018-11-01,0.2,474.78479486409304,26923.414660055416,94,MXSC.KL,2.402651656428571,0.02125412832542075,MALAYSIA,TELCM
2018-11-01,0.25,593.4809935801162,33654.26832506927,94,MXSC.KL,2.402651656428571,0.02125412832542075,MALAYSIA,TELCM
2018-12-01,0.05,113.41865665231742,7215.614461944951,94,MXSC.KL,2.161371396428571,0.020009406152701324,MALAYSIA,TELCM
2018-12-01,0.1,226.83731330463485,14431.228923889901,94,MXSC.KL,2.161371396428571,0.020009406152701324,MALAYSIA,TELCM
2018-12-01,0.15,340.2559699569523,21646.843385834847,94,MXSC.KL,2.161371396428571,0.020009406152701324,MALAYSIA,TELCM
2018-12-01,0.2,453.6746266092697,28862.457847779802,94,MXSC.KL,2.161371396428571,0.020009406152701324,MALAYSIA,TELCM
2018-12-01,0.25,567.0932832615871,36078.072309724754,94,MXSC.KL,2.161371396428571,0.020009406152701324,MALAYSIA,TELCM
2019-01-01,0.05,120.07324068266016,5806.131723218751,94,MXSC.KL,2.3947356652202765,0.02094115586608305,MALAYSIA,TELCM
2019-01-01,0.1,240.1464813653203,11612.263446437502,94,MXSC.KL,2.3947356652202765,0.02094115586608305,MALAYSIA,TELCM
2019-01-01,0.15,360.21972204798044,17418.39516965625,94,MXSC.KL,2.3947356652202765,0.02094115586608305,MALAYSIA,TELCM
2019-01-01,0.2,480.2929627306406,23224.526892875005,94,MXSC.KL,2.3947356652202765,0.02094115586608305,MALAYSIA,TELCM
2019-01-01,0.25,600.3662034133008,29030.658616093748,94,MXSC.KL,2.3947356652202765,0.02094115586608305,MALAYSIA,TELCM
2019-02-01,0.05,145.86599440070685,5592.258478500518,97,MXSC.KL,2.742716903310599,0.019743139998517525,MALAYSIA,TELCM
2019-02-01,0.1,291.7319888014137,11184.516957001037,97,MXSC.KL,2.742716903310599,0.019743139998517525,MALAYSIA,TELCM
2019-02-01,0.15,437.59798320212053,16776.77543550155,97,MXSC.KL,2.742716903310599,0.019743139998517525,MALAYSIA,TELCM
2019-02-01,0.2,583.4639776028274,22369.033914002073,97,MXSC.KL,2.742716903310599,0.019743139998517525,MALAYSIA,TELCM
2019-02-01,0.25,729.3299720035342,27961.292392502586,97,MXSC.KL,2.742716903310599,0.019743139998517525,MALAYSIA,TELCM
2019-03-01,0.05,118.9384645475776,5533.949430948294,97,MXSC.KL,1.8581812055739793,0.016404199207332174,MALAYSIA,TELCM
2019-03-01,0.1,237.8769290951552,11067.898861896589,97,MXSC.KL,1.8581812055739793,0.016404199207332174,MALAYSIA,TELCM
2019-03-01,0.15,356.8153936427328,16601.84829284488,97,MXSC.KL,1.8581812055739793,0.016404199207332174,MALAYSIA,TELCM
2019-03-01,0.2,475.7538581903104,22135.797723793177,97,MXSC.KL,1.8581812055739793,0.016404199207332174,MALAYSIA,TELCM
2019-03-01,0.25,594.6923227378879,27669.747154741464,97,MXSC.KL,1.8581812055739793,0.016404199207332174,MALAYSIA,TELCM
2019-04-01,0.05,140.50858828446454,6133.667146453294,97,AC.PS,4.188718197994832,0.03130167459223458,PHILIPPINES,RLEST
2019-04-01,0.1,281.0171765689291,12267.334292906588,97,AC.PS,4.188718197994832,0.03130167459223458,PHILIPPINES,RLEST
2019-04-01,0.15,421.5257648533936,18401.001439359887,97,AC.PS,4.188718197994832,0.03130167459223458,PHILIPPINES,RLEST
2019-04-01,0.2,562.0343531378581,24534.668585813175,97,AC.PS,4.188718197994832,0.03130167459223458,PHILIPPINES,RLEST
2019-04-01,0.25,702.5429414223227,30668.335732266474,97,AC.PS,4.188718197994832,0.03130167459223458,PHILIPPINES,RLEST
2019-05-01,0.05,139.72670162551205,6925.899163299175,96,AC.PS,4.51910438055251,0.03395957640435532,PHILIPPINES,RLEST
2019-05-01,0.1,279.4534032510241,13851.79832659835,96,AC.PS,4.51910438055251,0.03395957640435532,PHILIPPINES,RLEST
2019-05-01,0.15,419.1801048765362,20777.697489897524,96,AC.PS,4.51910438055251,0.03395957640435532,PHILIPPINES,RLEST
2019-05-01,0.2,558.9068065020482,27703.5966531967,96,AC.PS,4.51910438055251,0.03395957640435532,PHILIPPINES,RLEST
2019-05-01,0.25,698.6335081275604,34629.49581649587,96,AC.PS,4.51910438055251,0.03395957640435532,PHILIPPINES,RLEST
2019-06-01,0.05,218.46760671665604,5734.711597269793,96,MXSC.KL,3.3126857564854064,0.015921445273215824,MALAYSIA,TELCM
2019-06-01,0.1,436.9352134333121,11469.423194539586,96,MXSC.KL,3.3126857564854064,0.015921445273215824,MALAYSIA,TELCM
2019-06-01,0.15,655.4028201499681,17204.134791809378,96,MXSC.KL,3.3126857564854064,0.015921445273215824,MALAYSIA,TELCM
2019-06-01,0.2,873.8704268666241,22938.84638907917,96,MXSC.KL,3.3126857564854064,0.015921445273215824,MALAYSIA,TELCM
2019-06-01,0.25,1092.33803358328,28673.557986348966,96,MXSC.KL,3.3126857564854064,0.015921445273215824,MALAYSIA,TELCM
2019-07-01,0.05,125.01202876067995,5668.350516521779,96,MXSC.KL,2.3448990234490474,0.01969525652075425,MALAYSIA,TELCM
2019-07-01,0.1,250.0240575213599,11336.701033043559,96,MXSC.KL,2.3448990234490474,0.01969525652075425,MALAYSIA,TELCM
2019-07-01,0.15,375.0360862820399,17005.051549565334,96,MXSC.KL,2.3448990234490474,0.01969525652075425,MALAYSIA,TELCM
2019-07-01,0.2,500.0481150427198,22673.402066087117,96,MXSC.KL,2.3448990234490474,0.01969525652075425,MALAYSIA,TELCM
2019-07-01,0.25,625.0601438033998,28341.752582608893,96,MXSC.KL,2.3448990234490474,0.01969525652075425,MALAYSIA,TELCM
2019-08-01,0.05,157.94479261000996,5581.715026044085,97,MXSC.KL,2.102738046976958,0.01397877646259215,MALAYSIA,TELCM
2019-08-01,0.1,315.8895852200199,11163.43005208817,97,MXSC.KL,2.102738046976958,0.01397877646259215,MALAYSIA,TELCM
2019-08-01,0.15,473.83437783002984,16745.145078132253,97,MXSC.KL,2.102738046976958,0.01397877646259215,MALAYSIA,TELCM
2019-08-01,0.2,631.7791704400398,22326.86010417634,97,MXSC.KL,2.102738046976958,0.01397877646259215,MALAYSIA,TELCM
2019-08-01,0.25,789.7239630500499,27908.575130220426,97,MXSC.KL,2.102738046976958,0.01397877646259215,MALAYSIA,TELCM
2019-09-01,0.05,199.72564601806855,6003.219312120472,97,MXSC.KL,3.2068546423963125,0.0168591136974543,MALAYSIA,TELCM
2019-09-01,0.1,399.4512920361371,12006.438624240944,97,MXSC.KL,3.2068546423963125,0.0168591136974543,MALAYSIA,TELCM
2019-09-01,0.15,599.1769380542056,18009.65793636141,97,MXSC.KL,3.2068546423963125,0.0168591136974543,MALAYSIA,TELCM
2019-09-01,0.2,798.9025840722742,24012.877248481887,97,MXSC.KL,3.2068546423963125,0.0168591136974543,MALAYSIA,TELCM
2019-09-01,0.25,998.6282300903426,30016.09656060235,97,MXSC.KL,3.2068546423963125,0.0168591136974543,MALAYSIA,TELCM
2019-10-01,0.05,161.45251167898448,5921.964462047237,98,MXSC.KL,2.440290821904761,0.015870334480114025,MALAYSIA,TELCM
2019-10-01,0.1,322.90502335796896,11843.928924094474,98,MXSC.KL,2.440290821904761,0.015870334480114025,MALAYSIA,TELCM
2019-10-01,0.15,484.3575350369534,17765.89338614171,98,MXSC.KL,2.440290821904761,0.015870334480114025,MALAYSIA,TELCM
2019-10-01,0.2,645.8100467159379,23687.85784818895,98,MXSC.KL,2.440290821904761,0.015870334480114025,MALAYSIA,TELCM
2019-10-01,0.25,807.2625583949223,29609.822310236184,98,MXSC.KL,2.440290821904761,0.015870334480114025,MALAYSIA,TELCM
2019-11-01,0.05,163.52797672767545,5318.166215073079,98,MXSC.KL,1.8305530648774189,0.011753834154764525,MALAYSIA,TELCM
2019-11-01,0.1,327.0559534553509,10636.332430146158,98,MXSC.KL,1.8305530648774189,0.011753834154764525,MALAYSIA,TELCM
2019-11-01,0.15,490.58393018302627,15954.498645219237,98,MXSC.KL,1.8305530648774189,0.011753834154764525,MALAYSIA,TELCM
2019-11-01,0.2,654.1119069107018,21272.664860292316,98,MXSC.KL,1.8305530648774189,0.011753834154764525,MALAYSIA,TELCM
2019-11-01,0.25,817.6398836383771,26590.831075365397,98,MXSC.KL,1.8305530648774189,0.011753834154764525,MALAYSIA,TELCM
2019-12-01,0.05,165.20547266775662,5566.886620092757,98,MXSC.KL,1.6744508523928567,0.010642343541175225,MALAYSIA,TELCM
2019-12-01,0.1,330.41094533551325,11133.773240185514,98,MXSC.KL,1.6744508523928567,0.010642343541175225,MALAYSIA,TELCM
2019-12-01,0.15,495.61641800326976,16700.65986027827,98,MXSC.KL,1.6744508523928567,0.010642343541175225,MALAYSIA,TELCM
2019-12-01,0.2,660.8218906710265,22267.546480371027,98,MXSC.KL,1.6744508523928567,0.010642343541175225,MALAYSIA,TELCM
2019-12-01,0.25,826.027363338783,27834.43310046378,98,MXSC.KL,1.6744508523928567,0.010642343541175225,MALAYSIA,TELCM
2020-01-01,0.05,317.0728204697574,6687.614116453303,97,SMPH.PS,6.931182639919352,0.02295290325147713,PHILIPPINES,RLEST
2020-01-01,0.1,634.1456409395148,13375.228232906606,97,SMPH.PS,6.931182639919352,0.02295290325147713,PHILIPPINES,RLEST
2020-01-01,0.15,951.2184614092721,20062.842349359904,97,SMPH.PS,6.931182639919352,0.02295290325147713,PHILIPPINES,RLEST
2020-01-01,0.2,1268.2912818790296,26750.45646581321,97,SMPH.PS,6.931182639919352,0.02295290325147713,PHILIPPINES,RLEST
2020-01-01,0.25,1585.364102348787,33438.07058226651,97,SMPH.PS,6.931182639919352,0.02295290325147713,PHILIPPINES,RLEST
2020-02-01,0.05,89.17498503876087,9344.985347524378,99,PGAS.KL,2.9772110596313355,0.03505547672650712,MALAYSIA,UTILS
2020-02-01,0.1,178.34997007752173,18689.970695048756,99,PGAS.KL,2.9772110596313355,0.03505547672650712,MALAYSIA,UTILS
2020-02-01,0.15,267.5249551162826,28034.956042573125,99,PGAS.KL,2.9772110596313355,0.03505547672650712,MALAYSIA,UTILS
2020-02-01,0.2,356.69994015504346,37379.94139009751,99,PGAS.KL,2.9772110596313355,0.03505547672650712,MALAYSIA,UTILS
2020-02-01,0.25,445.87492519380436,46724.926737621885,99,PGAS.KL,2.9772110596313355,0.03505547672650712,MALAYSIA,UTILS
2020-03-01,0.05,79.94547655405326,9756.60242148251,99,PGAS.KL,2.1549682445057465,0.0283032480918561,MALAYSIA,UTILS
2020-03-01,0.1,159.89095310810652,19513.20484296502,99,PGAS.KL,2.1549682445057465,0.0283032480918561,MALAYSIA,UTILS
2020-03-01,0.15,239.83642966215973,29269.807264447532,99,PGAS.KL,2.1549682445057465,0.0283032480918561,MALAYSIA,UTILS
2020-03-01,0.2,319.78190621621303,39026.40968593004,99,PGAS.KL,2.1549682445057465,0.0283032480918561,MALAYSIA,UTILS
2020-03-01,0.25,399.7273827702662,48783.01210741255,99,PGAS.KL,2.1549682445057465,0.0283032480918561,MALAYSIA,UTILS
2020-04-01,0.05,183.1206926313965,12204.491641167037,100,MXSC.KL,3.060548816958525,0.0175489520688689,MALAYSIA,TELCM
2020-04-01,0.1,366.241385262793,24408.983282334073,100,MXSC.KL,3.060548816958525,0.0175489520688689,MALAYSIA,TELCM
2020-04-01,0.15,549.3620778941894,36613.47492350112,100,MXSC.KL,3.060548816958525,0.0175489520688689,MALAYSIA,TELCM
2020-04-01,0.2,732.482770525586,48817.966564668146,100,MXSC.KL,3.060548816958525,0.0175489520688689,MALAYSIA,TELCM
2020-04-01,0.25,915.6034631569825,61022.458205835195,100,MXSC.KL,3.060548816958525,0.0175489520688689,MALAYSIA,TELCM
2020-05-01,0.05,240.1022858627095,14418.359952447263,100,MXSC.KL,3.9124780012933322,0.01710979921160356,MALAYSIA,TELCM
2020-05-01,0.1,480.204571725419,28836.719904894526,100,MXSC.KL,3.9124780012933322,0.01710979921160356,MALAYSIA,TELCM
2020-05-01,0.15,720.3068575881284,43255.07985734179,100,MXSC.KL,3.9124780012933322,0.01710979921160356,MALAYSIA,TELCM
2020-05-01,0.2,960.409143450838,57673.43980978905,100,MXSC.KL,3.9124780012933322,0.01710979921160356,MALAYSIA,TELCM
2020-05-01,0.25,1200.5114293135473,72091.79976223632,100,MXSC.KL,3.9124780012933322,0.01710979921160356,MALAYSIA,TELCM
2020-06-01,0.05,94.772154286903,8807.883926129478,101,MXSC.KL,1.745419453083871,0.01933785761786078,MALAYSIA,TELCM
2020-06-01,0.1,189.544308573806,17615.767852258956,101,MXSC.KL,1.745419453083871,0.01933785761786078,MALAYSIA,TELCM
2020-06-01,0.15,284.31646286070895,26423.651778388426,101,MXSC.KL,1.745419453083871,0.01933785761786078,MALAYSIA,TELCM
2020-06-01,0.2,379.088617147612,35231.53570451791,101,MXSC.KL,1.745419453083871,0.01933785761786078,MALAYSIA,TELCM
2020-06-01,0.25,473.860771434515,44039.419630647375,101,MXSC.KL,1.745419453083871,0.01933785761786078,MALAYSIA,TELCM
2020-07-01,0.05,244.57465699564818,18253.64729590055,100,MXSC.KL,3.827980585771428,0.0164341623307746,MALAYSIA,TELCM
2020-07-01,0.1,489.14931399129637,36507.2945918011,100,MXSC.KL,3.827980585771428,0.0164341623307746,MALAYSIA,TELCM
2020-07-01,0.15,733.7239709869444,54760.94188770164,100,MXSC.KL,3.827980585771428,0.0164341623307746,MALAYSIA,TELCM
2020-07-01,0.2,978.2986279825927,73014.5891836022,100,MXSC.KL,3.827980585771428,0.0164341623307746,MALAYSIA,TELCM
2020-07-01,0.25,1222.8732849782407,91268.23647950275,100,MXSC.KL,3.827980585771428,0.0164341623307746,MALAYSIA,TELCM
2020-08-01,0.05,171.07783787753905,17565.198618511928,97,MXSC.KL,2.829014883603686,0.017363240409375463,MALAYSIA,TELCM
2020-08-01,0.1,342.1556757550781,35130.397237023855,97,MXSC.KL,2.829014883603686,0.017363240409375463,MALAYSIA,TELCM
2020-08-01,0.15,513.2335136326172,52695.59585553578,97,MXSC.KL,2.829014883603686,0.017363240409375463,MALAYSIA,TELCM
2020-08-01,0.2,684.3113515101562,70260.79447404771,97,MXSC.KL,2.829014883603686,0.017363240409375463,MALAYSIA,TELCM
2020-08-01,0.25,855.3891893876953,87825.99309255963,97,MXSC.KL,2.829014883603686,0.017363240409375463,MALAYSIA,TELCM
2020-09-01,0.05,79.18096030249262,17836.51683884247,97,MXSC.KL,1.6127952837096773,0.0213868970700252,MALAYSIA,TELCM
2020-09-01,0.1,158.36192060498524,35673.03367768494,97,MXSC.KL,1.6127952837096773,0.0213868970700252,MALAYSIA,TELCM
2020-09-01,0.15,237.54288090747787,53509.55051652741,97,MXSC.KL,1.6127952837096773,0.0213868970700252,MALAYSIA,TELCM
2020-09-01,0.2,316.7238412099705,71346.06735536989,97,MXSC.KL,1.6127952837096773,0.0213868970700252,MALAYSIA,TELCM
2020-09-01,0.25,395.9048015124631,89182.58419421235,97,MXSC.KL,1.6127952837096773,0.0213868970700252,MALAYSIA,TELCM
2020-10-01,0.05,122.92667992217145,17267.200762843335,98,MXSC.KL,2.405549528252381,0.02054742718394556,MALAYSIA,TELCM
2020-10-01,0.1,245.8533598443429,34534.40152568667,98,MXSC.KL,2.405549528252381,0.02054742718394556,MALAYSIA,TELCM
2020-10-01,0.15,368.7800397665142,51801.60228852998,98,MXSC.KL,2.405549528252381,0.02054742718394556,MALAYSIA,TELCM
2020-10-01,0.2,491.7067196886858,69068.80305137334,98,MXSC.KL,2.405549528252381,0.02054742718394556,MALAYSIA,TELCM
2020-10-01,0.25,614.6333996108572,86336.00381421666,98,MXSC.KL,2.405549528252381,0.02054742718394556,MALAYSIA,TELCM
2020-11-01,0.05,79.37004600229258,11643.469607089099,99,MXSC.KL,1.6941969191741937,0.022412822654550562,MALAYSIA,TELCM
2020-11-01,0.1,158.74009200458516,23286.939214178197,99,MXSC.KL,1.6941969191741937,0.022412822654550562,MALAYSIA,TELCM
2020-11-01,0.15,238.11013800687772,34930.408821267294,99,MXSC.KL,1.6941969191741937,0.022412822654550562,MALAYSIA,TELCM
2020-11-01,0.2,317.48018400917033,46573.878428356395,99,MXSC.KL,1.6941969191741937,0.022412822654550562,MALAYSIA,TELCM
2020-11-01,0.25,396.8502300114629,58217.34803544548,99,MXSC.KL,1.6941969191741937,0.022412822654550562,MALAYSIA,TELCM
2020-12-01,0.05,69.9699614695947,17741.516780915448,97,MXSC.KL,1.6949237736888887,0.025434771221743282,MALAYSIA,TELCM
2020-12-01,0.1,139.9399229391894,35483.033561830896,97,MXSC.KL,1.6949237736888887,0.025434771221743282,MALAYSIA,TELCM
2020-12-01,0.15,209.90988440878402,53224.55034274634,97,MXSC.KL,1.6949237736888887,0.025434771221743282,MALAYSIA,TELCM
2020-12-01,0.2,279.8798458783788,70966.06712366179,97,MXSC.KL,1.6949237736888887,0.025434771221743282,MALAYSIA,TELCM
2020-12-01,0.25,349.8498073479734,88707.58390457723,97,MXSC.KL,1.6949237736888887,0.025434771221743282,MALAYSIA,TELCM
2021-01-01,0.05,81.11475287565378,21249.709581205298,97,MXSC.KL,2.437425177091705,0.03155155314187552,MALAYSIA,TELCM
2021-01-01,0.1,162.22950575130756,42499.419162410595,97,MXSC.KL,2.437425177091705,0.03155155314187552,MALAYSIA,TELCM
2021-01-01,0.15,243.34425862696133,63749.12874361589,97,MXSC.KL,2.437425177091705,0.03155155314187552,MALAYSIA,TELCM
2021-01-01,0.2,324.4590115026151,84998.83832482119,97,MXSC.KL,2.437425177091705,0.03155155314187552,MALAYSIA,TELCM
2021-01-01,0.25,405.5737643782689,106248.54790602649,97,MXSC.KL,2.437425177091705,0.03155155314187552,MALAYSIA,TELCM
2021-02-01,0.05,268.4712714230695,29633.469399168665,103,MCGJ.J,6.781213741660945,0.02652155067096,SOUTH AFRICA,TELCM
2021-02-01,0.1,536.942542846139,59266.93879833733,103,MCGJ.J,6.781213741660945,0.02652155067096,SOUTH AFRICA,TELCM
2021-02-01,0.15,805.4138142692084,88900.40819750597,103,MCGJ.J,6.781213741660945,0.02652155067096,SOUTH AFRICA,TELCM
2021-02-01,0.2,1073.885085692278,118533.87759667466,103,MCGJ.J,6.781213741660945,0.02652155067096,SOUTH AFRICA,TELCM
2021-02-01,0.25,1342.3563571153475,148167.3469958433,103,MCGJ.J,6.781213741660945,0.02652155067096,SOUTH AFRICA,TELCM
2021-03-01,0.05,287.7169994348889,34268.05238084178,103,CMPC.SN,5.136102745714074,0.0187437930104655,CHILE,BMATR
2021-03-01,0.1,575.4339988697778,68536.10476168356,103,CMPC.SN,5.136102745714074,0.0187437930104655,CHILE,BMATR
2021-03-01,0.15,863.1509983046666,102804.1571425253,103,CMPC.SN,5.136102745714074,0.0187437930104655,CHILE,BMATR
2021-03-01,0.2,1150.8679977395557,137072.2095233671,103,CMPC.SN,5.136102745714074,0.0187437930104655,CHILE,BMATR
2021-03-01,0.25,1438.5849971744447,171340.26190420883,103,CMPC.SN,5.136102745714074,0.0187437930104655,CHILE,BMATR
2021-04-01,0.05,390.599406538888,26543.566349650402,102,CMPC.SN,9.629711569962863,0.02588636075527252,CHILE,BMATR
2021-04-01,0.1,781.198813077776,53087.132699300804,102,CMPC.SN,9.629711569962863,0.02588636075527252,CHILE,BMATR
2021-04-01,0.15,1171.7982196166638,79630.69904895121,102,CMPC.SN,9.629711569962863,0.02588636075527252,CHILE,BMATR
2021-04-01,0.2,1562.397626155552,106174.26539860161,102,CMPC.SN,9.629711569962863,0.02588636075527252,CHILE,BMATR
2021-04-01,0.25,1952.9970326944401,132717.83174825198,102,CMPC.SN,9.629711569962863,0.02588636075527252,CHILE,BMATR
2021-05-01,0.05,306.2967337327494,23284.897072860032,102,PCGB.KL,5.5882355529000005,0.019156741435136074,MALAYSIA,BMATR
2021-05-01,0.1,612.5934674654987,46569.794145720065,102,PCGB.KL,5.5882355529000005,0.019156741435136074,MALAYSIA,BMATR
2021-05-01,0.15,918.8902011982481,69854.6912185801,102,PCGB.KL,5.5882355529000005,0.019156741435136074,MALAYSIA,BMATR
2021-05-01,0.2,1225.1869349309975,93139.58829144013,102,PCGB.KL,5.5882355529000005,0.019156741435136074,MALAYSIA,BMATR
2021-05-01,0.25,1531.4836686637466,116424.48536430017,102,PCGB.KL,5.5882355529000005,0.019156741435136074,MALAYSIA,BMATR
2021-06-01,0.05,636.7453075059067,20782.83879132908,102,IHHH.KL,4.790733728090322,0.007899972493237692,MALAYSIA,HLTHC
2021-06-01,0.1,1273.4906150118134,41565.67758265816,102,IHHH.KL,4.790733728090322,0.007899972493237692,MALAYSIA,HLTHC
2021-06-01,0.15,1910.2359225177197,62348.51637398723,102,IHHH.KL,4.790733728090322,0.007899972493237692,MALAYSIA,HLTHC
2021-06-01,0.2,2546.9812300236267,83131.35516531632,102,IHHH.KL,4.790733728090322,0.007899972493237692,MALAYSIA,HLTHC
2021-06-01,0.25,3183.7265375295333,103914.19395664538,102,IHHH.KL,4.790733728090322,0.007899972493237692,MALAYSIA,HLTHC
2021-07-01,0.05,511.2869553181712,22984.339417912135,102,PCGB.KL,7.977237039805712,0.016382383326372166,MALAYSIA,BMATR
2021-07-01,0.1,1022.5739106363424,45968.67883582427,102,PCGB.KL,7.977237039805712,0.016382383326372166,MALAYSIA,BMATR
2021-07-01,0.15,1533.8608659545132,68953.01825373645,102,PCGB.KL,7.977237039805712,0.016382383326372166,MALAYSIA,BMATR
2021-07-01,0.2,2045.1478212726847,91937.35767164854,102,PCGB.KL,7.977237039805712,0.016382383326372166,MALAYSIA,BMATR
2021-07-01,0.25,2556.434776590856,114921.69708956071,102,PCGB.KL,7.977237039805712,0.016382383326372166,MALAYSIA,BMATR
2021-08-01,0.05,304.5320017690161,22530.382396874287,103,PCGB.KL,5.4937122800860205,0.018941844734155666,MALAYSIA,BMATR
2021-08-01,0.1,609.0640035380322,45060.764793748574,103,PCGB.KL,5.4937122800860205,0.018941844734155666,MALAYSIA,BMATR
2021-08-01,0.15,913.5960053070482,67591.14719062285,103,PCGB.KL,5.4937122800860205,0.018941844734155666,MALAYSIA,BMATR
2021-08-01,0.2,1218.1280070760645,90121.52958749715,103,PCGB.KL,5.4937122800860205,0.018941844734155666,MALAYSIA,BMATR
2021-08-01,0.25,1522.6600088450805,112651.91198437141,103,PCGB.KL,5.4937122800860205,0.018941844734155666,MALAYSIA,BMATR
2021-09-01,0.05,355.5755533543809,25515.339823549286,104,PCGB.KL,5.867503859662058,0.01732649782732668,MALAYSIA,BMATR
2021-09-01,0.1,711.1511067087617,51030.67964709857,104,PCGB.KL,5.867503859662058,0.01732649782732668,MALAYSIA,BMATR
2021-09-01,0.15,1066.7266600631424,76546.01947064784,104,PCGB.KL,5.867503859662058,0.01732649782732668,MALAYSIA,BMATR
2021-09-01,0.2,1422.3022134175235,102061.35929419714,104,PCGB.KL,5.867503859662058,0.01732649782732668,MALAYSIA,BMATR
2021-09-01,0.25,1777.8777667719041,127576.69911774641,104,PCGB.KL,5.867503859662058,0.01732649782732668,MALAYSIA,BMATR
2021-10-01,0.05,352.7072575788524,23751.182349790084,103,CMPC.SN,5.10591525135238,0.015200172093769377,CHILE,BMATR
2021-10-01,0.1,705.4145151577048,47502.36469958017,103,CMPC.SN,5.10591525135238,0.015200172093769377,CHILE,BMATR
2021-10-01,0.15,1058.121772736557,71253.54704937026,103,CMPC.SN,5.10591525135238,0.015200172093769377,CHILE,BMATR
2021-10-01,0.2,1410.8290303154097,95004.72939916034,103,CMPC.SN,5.10591525135238,0.015200172093769377,CHILE,BMATR
2021-10-01,0.25,1763.5362878942617,118755.9117489504,103,CMPC.SN,5.10591525135238,0.015200172093769377,CHILE,BMATR
2021-11-01,0.05,605.3702862255534,15002.450930007082,103,MCGJ.J,7.64615622916534,0.013262071534235002,SOUTH AFRICA,TELCM
2021-11-01,0.1,1210.7405724511068,30004.901860014164,103,MCGJ.J,7.64615622916534,0.013262071534235002,SOUTH AFRICA,TELCM
2021-11-01,0.15,1816.11085867666,45007.35279002124,103,MCGJ.J,7.64615622916534,0.013262071534235002,SOUTH AFRICA,TELCM
2021-11-01,0.2,2421.4811449022136,60009.80372002833,103,MCGJ.J,7.64615622916534,0.013262071534235002,SOUTH AFRICA,TELCM
2021-11-01,0.25,3026.8514311277672,75012.2546500354,103,MCGJ.J,7.64615622916534,0.013262071534235002,SOUTH AFRICA,TELCM
2021-12-01,0.05,787.4238632587767,20218.598742202656,104,VODJ.J,13.701295500885923,0.018270160389084283,SOUTH AFRICA,TELCM
2021-12-01,0.1,1574.8477265175534,40437.19748440531,104,VODJ.J,13.701295500885923,0.018270160389084283,SOUTH AFRICA,TELCM
2021-12-01,0.15,2362.2715897763296,60655.79622660795,104,VODJ.J,13.701295500885923,0.018270160389084283,SOUTH AFRICA,TELCM
2021-12-01,0.2,3149.6954530351068,80874.39496881062,104,VODJ.J,13.701295500885923,0.018270160389084283,SOUTH AFRICA,TELCM
2021-12-01,0.25,3937.119316293883,101092.99371101325,104,VODJ.J,13.701295500885923,0.018270160389084283,SOUTH AFRICA,TELCM
2022-01-01,0.05,884.7904407462287,20419.960089084976,105,1193.HK,20.034085372716888,0.0237748834894862,HONG KONG,UTILS
2022-01-01,0.1,1769.5808814924574,40839.92017816995,105,1193.HK,20.034085372716888,0.0237748834894862,HONG KONG,UTILS
2022-01-01,0.15,2654.371322238686,61259.88026725491,105,1193.HK,20.034085372716888,0.0237748834894862,HONG KONG,UTILS
2022-01-01,0.2,3539.1617629849147,81679.8403563399,105,1193.HK,20.034085372716888,0.0237748834894862,HONG KONG,UTILS
2022-01-01,0.25,4423.9522037311435,102099.80044542486,105,1193.HK,20.034085372716888,0.0237748834894862,HONG KONG,UTILS
2022-02-01,0.05,193.5142172722779,15903.550933941495,102,ADAG.NS,4.276770788387084,0.02320557833478494,INDIA,UTILS
2022-02-01,0.1,387.0284345445558,31807.10186788299,102,ADAG.NS,4.276770788387084,0.02320557833478494,INDIA,UTILS
2022-02-01,0.15,580.5426518168337,47710.652801824486,102,ADAG.NS,4.276770788387084,0.02320557833478494,INDIA,UTILS
2022-02-01,0.2,774.0568690891116,63614.20373576598,102,ADAG.NS,4.276770788387084,0.02320557833478494,INDIA,UTILS
2022-02-01,0.25,967.5710863613895,79517.75466970749,102,ADAG.NS,4.276770788387084,0.02320557833478494,INDIA,UTILS
2022-03-01,0.05,237.36064752177265,16966.05740996602,105,ADAG.NS,4.72830648696428,0.02091636445698982,INDIA,UTILS
2022-03-01,0.1,474.7212950435453,33932.11481993204,105,ADAG.NS,4.72830648696428,0.02091636445698982,INDIA,UTILS
2022-03-01,0.15,712.081942565318,50898.17222989804,105,ADAG.NS,4.72830648696428,0.02091636445698982,INDIA,UTILS
2022-03-01,0.2,949.4425900870906,67864.22963986408,105,ADAG.NS,4.72830648696428,0.02091636445698982,INDIA,UTILS
2022-03-01,0.25,1186.8032376088631,84830.28704983008,105,ADAG.NS,4.72830648696428,0.02091636445698982,INDIA,UTILS
2022-04-01,0.05,214.86129698072295,20749.29231913324,106,ADAG.NS,4.460248088645137,0.021796668636406724,INDIA,UTILS
2022-04-01,0.1,429.7225939614459,41498.58463826648,106,ADAG.NS,4.460248088645137,0.021796668636406724,INDIA,UTILS
2022-04-01,0.15,644.5838909421688,62247.87695739972,106,ADAG.NS,4.460248088645137,0.021796668636406724,INDIA,UTILS
2022-04-01,0.2,859.4451879228918,82997.16927653296,106,ADAG.NS,4.460248088645137,0.021796668636406724,INDIA,UTILS
2022-04-01,0.25,1074.3064849036145,103746.4615956662,106,ADAG.NS,4.460248088645137,0.021796668636406724,INDIA,UTILS
2022-05-01,0.05,312.62768443590346,15072.029176731381,106,ICT.PS,5.1786804968533335,0.01739325975403451,PHILIPPINES,INDUS
2022-05-01,0.1,625.2553688718069,30144.058353462762,106,ICT.PS,5.1786804968533335,0.01739325975403451,PHILIPPINES,INDUS
2022-05-01,0.15,937.8830533077102,45216.087530194134,106,ICT.PS,5.1786804968533335,0.01739325975403451,PHILIPPINES,INDUS
2022-05-01,0.2,1250.5107377436138,60288.116706925524,106,ICT.PS,5.1786804968533335,0.01739325975403451,PHILIPPINES,INDUS
2022-05-01,0.25,1563.1384221795172,75360.14588365689,106,ICT.PS,5.1786804968533335,0.01739325975403451,PHILIPPINES,INDUS
2022-06-01,0.05,309.3491691026291,15711.182357171183,105,ICT.PS,5.049527333612892,0.01713922075715857,PHILIPPINES,INDUS
2022-06-01,0.1,618.6983382052582,31422.364714342366,105,ICT.PS,5.049527333612892,0.01713922075715857,PHILIPPINES,INDUS
2022-06-01,0.15,928.0475073078874,47133.547071513545,105,ICT.PS,5.049527333612892,0.01713922075715857,PHILIPPINES,INDUS
2022-06-01,0.2,1237.3966764105164,62844.72942868473,105,ICT.PS,5.049527333612892,0.01713922075715857,PHILIPPINES,INDUS
2022-06-01,0.25,1546.7458455131455,78555.91178585589,105,ICT.PS,5.049527333612892,0.01713922075715857,PHILIPPINES,INDUS
2022-07-01,0.05,300.0612044370815,18018.475912995073,104,ADAG.NS,13.254834175922142,0.04638245690850902,INDIA,UTILS
2022-07-01,0.1,600.122408874163,36036.951825990145,104,ADAG.NS,13.254834175922142,0.04638245690850902,INDIA,UTILS
2022-07-01,0.15,900.1836133112444,54055.42773898521,104,ADAG.NS,13.254834175922142,0.04638245690850902,INDIA,UTILS
2022-07-01,0.2,1200.244817748326,72073.90365198029,104,ADAG.NS,13.254834175922142,0.04638245690850902,INDIA,UTILS
2022-07-01,0.25,1500.3060221854075,90092.37956497534,104,ADAG.NS,13.254834175922142,0.04638245690850902,INDIA,UTILS
2022-08-01,0.05,227.91053595401254,15827.767224148654,103,1193.HK,10.429157288073727,0.04804786714505824,HONG KONG,UTILS
2022-08-01,0.1,455.8210719080251,31655.53444829731,103,1193.HK,10.429157288073727,0.04804786714505824,HONG KONG,UTILS
2022-08-01,0.15,683.7316078620377,47483.301672445945,103,1193.HK,10.429157288073727,0.04804786714505824,HONG KONG,UTILS
2022-08-01,0.2,911.6421438160502,63311.06889659462,103,1193.HK,10.429157288073727,0.04804786714505824,HONG KONG,UTILS
2022-08-01,0.25,1139.5526797700627,79138.83612074328,103,1193.HK,10.429157288073727,0.04804786714505824,HONG KONG,UTILS
2022-09-01,0.05,169.07276713351152,14665.56394316763,104,1193.HK,8.351208396119194,0.05186387473625914,HONG KONG,UTILS
2022-09-01,0.1,338.14553426702304,29331.12788633526,104,1193.HK,8.351208396119194,0.05186387473625914,HONG KONG,UTILS
2022-09-01,0.15,507.21830140053464,43996.69182950289,104,1193.HK,8.351208396119194,0.05186387473625914,HONG KONG,UTILS
2022-09-01,0.2,676.2910685340461,58662.25577267052,104,1193.HK,8.351208396119194,0.05186387473625914,HONG KONG,UTILS
2022-09-01,0.25,845.3638356675576,73327.81971583814,104,1193.HK,8.351208396119194,0.05186387473625914,HONG KONG,UTILS
2022-10-01,0.05,204.38649432421622,11896.50770887742,104,1193.HK,9.177408025146425,0.047147334554884124,HONG KONG,UTILS
2022-10-01,0.1,408.77298864843243,23793.01541775484,104,1193.HK,9.177408025146425,0.047147334554884124,HONG KONG,UTILS
2022-10-01,0.15,613.1594829726486,35689.523126632266,104,1193.HK,9.177408025146425,0.047147334554884124,HONG KONG,UTILS
2022-10-01,0.2,817.5459772968649,47586.03083550968,104,1193.HK,9.177408025146425,0.047147334554884124,HONG KONG,UTILS
2022-10-01,0.25,1021.9324716210809,59482.538544387106,104,1193.HK,9.177408025146425,0.047147334554884124,HONG KONG,UTILS
2022-11-01,0.05,252.8904303397683,9370.532679324386,104,1193.HK,7.517385517237786,0.03121215295689432,HONG KONG,UTILS
2022-11-01,0.1,505.7808606795366,18741.06535864877,104,1193.HK,7.517385517237786,0.03121215295689432,HONG KONG,UTILS
2022-11-01,0.15,758.6712910193047,28111.59803797315,104,1193.HK,7.517385517237786,0.03121215295689432,HONG KONG,UTILS
2022-11-01,0.2,1011.5617213590732,37482.13071729754,104,1193.HK,7.517385517237786,0.03121215295689432,HONG KONG,UTILS
2022-11-01,0.25,1264.4521516988411,46852.66339662192,104,1193.HK,7.517385517237786,0.03121215295689432,HONG KONG,UTILS
2022-12-01,0.05,81.32316493479722,17833.450276047264,104,PGAS.KL,2.989651753012064,0.03860073993897732,MALAYSIA,UTILS
2022-12-01,0.1,162.64632986959444,35666.90055209453,104,PGAS.KL,2.989651753012064,0.03860073993897732,MALAYSIA,UTILS
2022-12-01,0.15,243.96949480439164,53500.35082814178,104,PGAS.KL,2.989651753012064,0.03860073993897732,MALAYSIA,UTILS
2022-12-01,0.2,325.2926597391889,71333.80110418906,104,PGAS.KL,2.989651753012064,0.03860073993897732,MALAYSIA,UTILS
2022-12-01,0.25,406.61582467398614,89167.25138023631,104,PGAS.KL,2.989651753012064,0.03860073993897732,MALAYSIA,UTILS
2023-01-01,0.05,50.03530409490724,15591.248115060984,103,PGAS.KL,2.1504739708976963,0.04512808926192592,MALAYSIA,UTILS
2023-01-01,0.1,100.07060818981448,31182.496230121968,103,PGAS.KL,2.1504739708976963,0.04512808926192592,MALAYSIA,UTILS
2023-01-01,0.15,150.10591228472168,46773.74434518295,103,PGAS.KL,2.1504739708976963,0.04512808926192592,MALAYSIA,UTILS
2023-01-01,0.2,200.14121637962896,62364.992460243935,103,PGAS.KL,2.1504739708976963,0.04512808926192592,MALAYSIA,UTILS
2023-01-01,0.25,250.17652047453615,77956.24057530491,103,PGAS.KL,2.1504739708976963,0.04512808926192592,MALAYSIA,UTILS
2023-02-01,0.05,150.92044387993684,11802.226026828377,105,5110.SE,4.27340843214132,0.02973141834460833,SAUDI ARABIA,UTILS
2023-02-01,0.1,301.8408877598737,23604.452053656754,105,5110.SE,4.27340843214132,0.02973141834460833,SAUDI ARABIA,UTILS
2023-02-01,0.15,452.76133163981046,35406.678080485115,105,5110.SE,4.27340843214132,0.02973141834460833,SAUDI ARABIA,UTILS
2023-02-01,0.2,603.6817755197474,47208.90410731351,105,5110.SE,4.27340843214132,0.02973141834460833,SAUDI ARABIA,UTILS
2023-02-01,0.25,754.6022193996841,59011.130134141866,105,5110.SE,4.27340843214132,0.02973141834460833,SAUDI ARABIA,UTILS
2023-03-01,0.05,159.6944521537697,12132.733743528155,105,5110.SE,3.4460769969166667,0.022658149973039533,SAUDI ARABIA,UTILS
2023-03-01,0.1,319.3889043075394,24265.46748705631,105,5110.SE,3.4460769969166667,0.022658149973039533,SAUDI ARABIA,UTILS
2023-03-01,0.15,479.08335646130905,36398.20123058446,105,5110.SE,3.4460769969166667,0.022658149973039533,SAUDI ARABIA,UTILS
2023-03-01,0.2,638.7778086150788,48530.93497411262,105,5110.SE,3.4460769969166667,0.022658149973039533,SAUDI ARABIA,UTILS
2023-03-01,0.25,798.4722607688485,60663.66871764077,105,5110.SE,3.4460769969166667,0.022658149973039533,SAUDI ARABIA,UTILS
2023-04-01,0.05,375.87132557509824,11284.246796349382,105,SMPH.PS,5.283985134608267,0.014760861001699814,PHILIPPINES,RLEST
2023-04-01,0.1,751.7426511501965,22568.493592698764,105,SMPH.PS,5.283985134608267,0.014760861001699814,PHILIPPINES,RLEST
2023-04-01,0.15,1127.6139767252944,33852.74038904814,105,SMPH.PS,5.283985134608267,0.014760861001699814,PHILIPPINES,RLEST
2023-04-01,0.2,1503.485302300393,45136.98718539753,105,SMPH.PS,5.283985134608267,0.014760861001699814,PHILIPPINES,RLEST
2023-04-01,0.25,1879.3566278754909,56421.23398174689,105,SMPH.PS,5.283985134608267,0.014760861001699814,PHILIPPINES,RLEST
2023-05-01,0.05,309.2993478297723,12404.781667089279,104,0004.HK,2.5699312867527624,0.008724324412657742,HONG KONG,RLEST
2023-05-01,0.1,618.5986956595445,24809.563334178558,104,0004.HK,2.5699312867527624,0.008724324412657742,HONG KONG,RLEST
2023-05-01,0.15,927.8980434893168,37214.34500126784,104,0004.HK,2.5699312867527624,0.008724324412657742,HONG KONG,RLEST
2023-05-01,0.2,1237.197391319089,49619.126668357116,104,0004.HK,2.5699312867527624,0.008724324412657742,HONG KONG,RLEST
2023-05-01,0.25,1546.4967391488613,62023.9083354464,104,0004.HK,2.5699312867527624,0.008724324412657742,HONG KONG,RLEST
2023-06-01,0.05,66.58938594037565,11343.892864162051,106,PGAS.KL,0.8782955513548385,0.013849209087891733,MALAYSIA,UTILS
2023-06-01,0.1,133.1787718807513,22687.785728324103,106,PGAS.KL,0.8782955513548385,0.013849209087891733,MALAYSIA,UTILS
2023-06-01,0.15,199.76815782112695,34031.67859248615,106,PGAS.KL,0.8782955513548385,0.013849209087891733,MALAYSIA,UTILS
2023-06-01,0.2,266.3575437615026,45375.571456648206,106,PGAS.KL,0.8782955513548385,0.013849209087891733,MALAYSIA,UTILS
2023-06-01,0.25,332.9469297018783,56719.46432081026,106,PGAS.KL,0.8782955513548385,0.013849209087891733,MALAYSIA,UTILS
2023-07-01,0.05,265.43966288566355,12421.798916001015,105,ICT.PS,3.9438282796698343,0.015600606362422347,PHILIPPINES,INDUS
2023-07-01,0.1,530.8793257713271,24843.59783200203,105,ICT.PS,3.9438282796698343,0.015600606362422347,PHILIPPINES,INDUS
2023-07-01,0.15,796.3189886569908,37265.39674800303,105,ICT.PS,3.9438282796698343,0.015600606362422347,PHILIPPINES,INDUS
2023-07-01,0.2,1061.7586515426542,49687.19566400406,105,ICT.PS,3.9438282796698343,0.015600606362422347,PHILIPPINES,INDUS
2023-07-01,0.25,1327.1983144283179,62108.99458000507,105,ICT.PS,3.9438282796698343,0.015600606362422347,PHILIPPINES,INDUS
2023-08-01,0.05,160.99779436314293,8384.534522446334,106,0004.HK,2.3763901776612903,0.015498409132961272,HONG KONG,RLEST
2023-08-01,0.1,321.99558872628586,16769.06904489267,106,0004.HK,2.3763901776612903,0.015498409132961272,HONG KONG,RLEST
2023-08-01,0.15,482.99338308942873,25153.603567339003,106,0004.HK,2.3763901776612903,0.015498409132961272,HONG KONG,RLEST
2023-08-01,0.2,643.9911774525717,33538.13808978534,106,0004.HK,2.3763901776612903,0.015498409132961272,HONG KONG,RLEST
2023-08-01,0.25,804.9889718157145,41922.672612231676,106,0004.HK,2.3763901776612903,0.015498409132961272,HONG KONG,RLEST
2023-09-01,0.05,166.66275021075626,11993.445958139946,104,0004.HK,2.3298590426008596,0.014678456893560957,HONG KONG,RLEST
2023-09-01,0.1,333.3255004215125,23986.891916279892,104,0004.HK,2.3298590426008596,0.014678456893560957,HONG KONG,RLEST
2023-09-01,0.15,499.98825063226866,35980.337874419834,104,0004.HK,2.3298590426008596,0.014678456893560957,HONG KONG,RLEST
2023-09-01,0.2,666.651000843025,47973.783832559784,104,0004.HK,2.3298590426008596,0.014678456893560957,HONG KONG,RLEST
2023-09-01,0.25,833.3137510537812,59967.22979069973,104,0004.HK,2.3298590426008596,0.014678456893560957,HONG KONG,RLEST
2023-10-01,0.05,247.8219096496229,9860.261750662898,102,7020.SE,9.747267716571429,0.04129833038922987,SAUDI ARABIA,TELCM
2023-10-01,0.1,495.6438192992458,19720.523501325795,102,7020.SE,9.747267716571429,0.04129833038922987,SAUDI ARABIA,TELCM
2023-10-01,0.15,743.4657289488687,29580.7852519887,102,7020.SE,9.747267716571429,0.04129833038922987,SAUDI ARABIA,TELCM
2023-10-01,0.2,991.2876385984916,39441.04700265159,102,7020.SE,9.747267716571429,0.04129833038922987,SAUDI ARABIA,TELCM
2023-10-01,0.25,1239.1095482481144,49301.3087533145,102,7020.SE,9.747267716571429,0.04129833038922987,SAUDI ARABIA,TELCM
2023-11-01,0.05,169.402785003836,7640.986394976504,106,SMPH.PS,4.718917958593534,0.029249010613438327,PHILIPPINES,RLEST
2023-11-01,0.1,338.805570007672,15281.972789953008,106,SMPH.PS,4.718917958593534,0.029249010613438327,PHILIPPINES,RLEST
2023-11-01,0.15,508.20835501150805,22922.95918492951,106,SMPH.PS,4.718917958593534,0.029249010613438327,PHILIPPINES,RLEST
2023-11-01,0.2,677.611140015344,30563.945579906016,106,SMPH.PS,4.718917958593534,0.029249010613438327,PHILIPPINES,RLEST
2023-11-01,0.25,847.0139250191801,38204.931974882515,106,SMPH.PS,4.718917958593534,0.029249010613438327,PHILIPPINES,RLEST
2023-12-01,0.05,266.343245340455,11353.887263168022,104,7020.SE,13.392635765714285,0.05279753776381608,SAUDI ARABIA,TELCM
2023-12-01,0.1,532.68649068091,22707.774526336045,104,7020.SE,13.392635765714285,0.05279753776381608,SAUDI ARABIA,TELCM
2023-12-01,0.15,799.0297360213647,34061.661789504076,104,7020.SE,13.392635765714285,0.05279753776381608,SAUDI ARABIA,TELCM
2023-12-01,0.2,1065.37298136182,45415.54905267209,104,7020.SE,13.392635765714285,0.05279753776381608,SAUDI ARABIA,TELCM
2023-12-01,0.25,1331.7162267022745,56769.43631584011,104,7020.SE,13.392635765714285,0.05279753776381608,SAUDI ARABIA,TELCM
2024-01-01,0.05,281.3798970127022,8729.58758802265,104,7020.SE,15.548896595276785,0.05802241595213752,SAUDI ARABIA,TELCM
2024-01-01,0.1,562.7597940254044,17459.1751760453,104,7020.SE,15.548896595276785,0.05802241595213752,SAUDI ARABIA,TELCM
2024-01-01,0.15,844.1396910381065,26188.76276406795,104,7020.SE,15.548896595276785,0.05802241595213752,SAUDI ARABIA,TELCM
2024-01-01,0.2,1125.5195880508088,34918.3503520906,104,7020.SE,15.548896595276785,0.05802241595213752,SAUDI ARABIA,TELCM
2024-01-01,0.25,1406.8994850635108,43647.937940113254,104,7020.SE,15.548896595276785,0.05802241595213752,SAUDI ARABIA,TELCM
2024-02-01,0.05,254.29927452263385,9109.349601996018,103,TRUE.BK,9.60784886419353,0.03967074356126527,THAILAND,TELCM
2024-02-01,0.1,508.5985490452677,18218.699203992037,103,TRUE.BK,9.60784886419353,0.03967074356126527,THAILAND,TELCM
2024-02-01,0.15,762.8978235679015,27328.048805988044,103,TRUE.BK,9.60784886419353,0.03967074356126527,THAILAND,TELCM
2024-02-01,0.2,1017.1970980905354,36437.398407984074,103,TRUE.BK,9.60784886419353,0.03967074356126527,THAILAND,TELCM
2024-02-01,0.25,1271.4963726131691,45546.74800998008,103,TRUE.BK,9.60784886419353,0.03967074356126527,THAILAND,TELCM
2024-03-01,0.05,461.12724404328054,10702.400289972997,101,2207.TW,3.790579173973724,0.008631257823271975,TAIWAN,CODIS
2024-03-01,0.1,922.2544880865611,21404.800579945993,101,2207.TW,3.790579173973724,0.008631257823271975,TAIWAN,CODIS
2024-03-01,0.15,1383.3817321298418,32107.200869918986,101,2207.TW,3.790579173973724,0.008631257823271975,TAIWAN,CODIS
2024-03-01,0.2,1844.5089761731222,42809.60115989199,101,2207.TW,3.790579173973724,0.008631257823271975,TAIWAN,CODIS
2024-03-01,0.25,2305.6362202164028,53512.00144986498,101,2207.TW,3.790579173973724,0.008631257823271975,TAIWAN,CODIS
2024-04-01,0.05,321.7394330154884,12207.402570491655,101,ADAN.NS,8.323624448165841,0.02716423532129928,INDIA,UTILS
2024-04-01,0.1,643.4788660309767,24414.80514098331,101,ADAN.NS,8.323624448165841,0.02716423532129928,INDIA,UTILS
2024-04-01,0.15,965.2182990464651,36622.20771147498,101,ADAN.NS,8.323624448165841,0.02716423532129928,INDIA,UTILS
2024-04-01,0.2,1286.9577320619535,48829.61028196662,101,ADAN.NS,8.323624448165841,0.02716423532129928,INDIA,UTILS
2024-04-01,0.25,1608.6971650774417,61037.01285245828,101,ADAN.NS,8.323624448165841,0.02716423532129928,INDIA,UTILS
2024-05-01,0.05,282.1306105248628,10714.132416457021,98,7020.SE,8.250038688857142,0.030704008356925924,SAUDI ARABIA,TELCM
2024-05-01,0.1,564.2612210497256,21428.264832914043,98,7020.SE,8.250038688857142,0.030704008356925924,SAUDI ARABIA,TELCM
2024-05-01,0.15,846.3918315745882,32142.397249371064,98,7020.SE,8.250038688857142,0.030704008356925924,SAUDI ARABIA,TELCM
2024-05-01,0.2,1128.5224420994512,42856.529665828086,98,7020.SE,8.250038688857142,0.030704008356925924,SAUDI ARABIA,TELCM
2024-05-01,0.25,1410.653052624314,53570.662082285104,98,7020.SE,8.250038688857142,0.030704008356925924,SAUDI ARABIA,TELCM
2024-06-01,0.05,263.51667807757457,12945.42047147263,102,0004.HK,3.658503722517971,0.01457755515388298,HONG KONG,RLEST
2024-06-01,0.1,527.0333561551491,25890.84094294526,102,0004.HK,3.658503722517971,0.01457755515388298,HONG KONG,RLEST
2024-06-01,0.15,790.5500342327238,38836.26141441789,102,0004.HK,3.658503722517971,0.01457755515388298,HONG KONG,RLEST
2024-06-01,0.2,1054.0667123102983,51781.68188589052,102,0004.HK,3.658503722517971,0.01457755515388298,HONG KONG,RLEST
2024-06-01,0.25,1317.583390387873,64727.10235736315,102,0004.HK,3.658503722517971,0.01457755515388298,HONG KONG,RLEST
2024-07-01,0.05,379.6783954996428,13452.128187372607,102,0004.HK,4.419494854571427,0.01222210600419682,HONG KONG,RLEST
2024-07-01,0.1,759.3567909992856,26904.256374745215,102,0004.HK,4.419494854571427,0.01222210600419682,HONG KONG,RLEST
2024-07-01,0.15,1139.0351864989282,40356.38456211782,102,0004.HK,4.419494854571427,0.01222210600419682,HONG KONG,RLEST
2024-07-01,0.2,1518.7135819985713,53808.51274949043,102,0004.HK,4.419494854571427,0.01222210600419682,HONG KONG,RLEST
2024-07-01,0.25,1898.391977498214,67260.64093686304,102,0004.HK,4.419494854571427,0.01222210600419682,HONG KONG,RLEST
2024-08-01,0.05,209.63342007682905,13031.068501479498,102,0004.HK,2.8930380260115194,0.014490484991366383,HONG KONG,RLEST
2024-08-01,0.1,419.2668401536581,26062.137002958996,102,0004.HK,2.8930380260115194,0.014490484991366383,HONG KONG,RLEST
2024-08-01,0.15,628.9002602304871,39093.205504438476,102,0004.HK,2.8930380260115194,0.014490484991366383,HONG KONG,RLEST
2024-08-01,0.2,838.5336803073162,52124.27400591799,102,0004.HK,2.8930380260115194,0.014490484991366383,HONG KONG,RLEST
2024-08-01,0.25,1048.1671003841452,65155.34250739747,102,0004.HK,2.8930380260115194,0.014490484991366383,HONG KONG,RLEST
2024-09-01,0.05,116.0838167088072,12791.491332276388,99,0004.HK,1.9950601544623656,0.01804569509839826,HONG KONG,RLEST
2024-09-01,0.1,232.1676334176144,25582.982664552776,99,0004.HK,1.9950601544623656,0.01804569509839826,HONG KONG,RLEST
2024-09-01,0.15,348.25145012642156,38374.473996829154,99,0004.HK,1.9950601544623656,0.01804569509839826,HONG KONG,RLEST
2024-09-01,0.2,464.3352668352288,51165.96532910555,99,0004.HK,1.9950601544623656,0.01804569509839826,HONG KONG,RLEST
2024-09-01,0.25,580.419083544036,63957.45666138194,99,0004.HK,1.9950601544623656,0.01804569509839826,HONG KONG,RLEST
2024-10-01,0.05,110.17299083640576,9716.314793864729,100,0004.HK,2.52488713726711,0.02406335231533372,HONG KONG,RLEST
2024-10-01,0.1,220.34598167281152,19432.629587729458,100,0004.HK,2.52488713726711,0.02406335231533372,HONG KONG,RLEST
2024-10-01,0.15,330.51897250921724,29148.944381594185,100,0004.HK,2.52488713726711,0.02406335231533372,HONG KONG,RLEST
2024-10-01,0.2,440.69196334562304,38865.259175458916,100,0004.HK,2.52488713726711,0.02406335231533372,HONG KONG,RLEST
2024-10-01,0.25,550.8649541820288,48581.57396932365,100,0004.HK,2.52488713726711,0.02406335231533372,HONG KONG,RLEST
2024-11-01,0.05,195.04091654195864,18645.032102753757,101,0004.HK,4.290765226039172,0.023099273563821243,HONG KONG,RLEST
2024-11-01,0.1,390.0818330839173,37290.064205507515,101,0004.HK,4.290765226039172,0.023099273563821243,HONG KONG,RLEST
2024-11-01,0.15,585.1227496258759,55935.09630826128,101,0004.HK,4.290765226039172,0.023099273563821243,HONG KONG,RLEST
2024-11-01,0.2,780.1636661678345,74580.12841101503,101,0004.HK,4.290765226039172,0.023099273563821243,HONG KONG,RLEST
2024-11-01,0.25,975.2045827097932,93225.16051376879,101,0004.HK,4.290765226039172,0.023099273563821243,HONG KONG,RLEST
2024-12-01,0.05,91.07440979901385,14643.299995997511,104,0004.HK,1.9017217013619037,0.021925014840465322,HONG KONG,RLEST
2024-12-01,0.1,182.1488195980277,29286.599991995023,104,0004.HK,1.9017217013619037,0.021925014840465322,HONG KONG,RLEST
2024-12-01,0.15,273.22322939704156,43929.89998799253,104,0004.HK,1.9017217013619037,0.021925014840465322,HONG KONG,RLEST
2024-12-01,0.2,364.2976391960554,58573.199983990045,104,0004.HK,1.9017217013619037,0.021925014840465322,HONG KONG,RLEST
2024-12-01,0.25,455.37204899506924,73216.49997998757,104,0004.HK,1.9017217013619037,0.021925014840465322,HONG KONG,RLEST
2025-01-01,0.05,153.08291209022397,14362.349615102397,104,AC.PS,3.036201552626718,0.020825391852874502,PHILIPPINES,RLEST
2025-01-01,0.1,306.16582418044794,28724.699230204795,104,AC.PS,3.036201552626718,0.020825391852874502,PHILIPPINES,RLEST
2025-01-01,0.15,459.2487362706718,43087.048845307196,104,AC.PS,3.036201552626718,0.020825391852874502,PHILIPPINES,RLEST
2025-01-01,0.2,612.3316483608959,57449.39846040959,104,AC.PS,3.036201552626718,0.020825391852874502,PHILIPPINES,RLEST
2025-01-01,0.25,765.4145604511199,71811.74807551199,104,AC.PS,3.036201552626718,0.020825391852874502,PHILIPPINES,RLEST
2025-02-01,0.05,117.49453487835137,16427.931276534928,105,0004.HK,1.5208282485253448,0.013591012233930201,HONG KONG,RLEST
2025-02-01,0.1,234.98906975670275,32855.862553069855,105,0004.HK,1.5208282485253448,0.013591012233930201,HONG KONG,RLEST
2025-02-01,0.15,352.4836046350541,49283.79382960478,105,0004.HK,1.5208282485253448,0.013591012233930201,HONG KONG,RLEST
2025-02-01,0.2,469.9781395134055,65711.72510613971,105,0004.HK,1.5208282485253448,0.013591012233930201,HONG KONG,RLEST
2025-02-01,0.25,587.4726743917568,82139.65638267461,105,0004.HK,1.5208282485253448,0.013591012233930201,HONG KONG,RLEST
2025-03-01,0.05,147.6463016294278,14944.664774269844,106,0004.HK,1.9997388047479574,0.01422132299835984,HONG KONG,RLEST
2025-03-01,0.1,295.2926032588556,29889.32954853969,106,0004.HK,1.9997388047479574,0.01422132299835984,HONG KONG,RLEST
2025-03-01,0.15,442.93890488828333,44833.99432280953,106,0004.HK,1.9997388047479574,0.01422132299835984,HONG KONG,RLEST
2025-03-01,0.2,590.5852065177112,59778.65909707938,106,0004.HK,1.9997388047479574,0.01422132299835984,HONG KONG,RLEST
2025-03-01,0.25,738.2315081471389,74723.3238713492,106,0004.HK,1.9997388047479574,0.01422132299835984,HONG KONG,RLEST
