ric,name,country,industry,total_contribution,avg_weight,months_held,avg_monthly_return,total_return
068270.KS,CELLTRION,SOUTH KOREA,HLTHC,0.0846306189881339,0.0238377849466555,124,0.018602904171400116,2.4080940106619986
207940.KS,SAMSUNG BIOLOGICS,SOUTH KOREA,HLTHC,0.05910243144498216,0.016288887922819406,98,0.02271151006017351,3.985303597162366
0700.HK,TENCENT HOLDINGS,CHINA,TECNO,0.056972216894295075,0.022158596708855702,112,0.021109468359038996,5.221531006027273
028300.KQ,HLB,SOUTH KOREA,HLTHC,0.0529657504055895,0.01487751110533554,48,0.036273863407755784,-0.2635237300191198
ADNA.NS,ADANI GREEN ENERGY,INDIA,UTILS,0.04673596088573765,0.040031249369301254,50,0.02206072397722704,-0.1969731313432873
3333.HK,CHINA EVERGRANDE SUSP,CHINA,RLEST,0.044309921151854476,0.03490968801313629,29,0.03502538471269384,0.661012485988353
2082.SE,ACWA POWER,SAUDI ARABIA,UTILS,0.03790886214098116,0.03550214509895645,26,0.038127588448193174,1.2888495042551096
TCS.NS,TATA CONSULTANCY SVS.,INDIA,TECNO,0.03199287873849259,0.021444634426940452,134,0.010427000428333204,1.9966425625615591
TLKM.JK,TELEKOMUNIKASI INDONESIA (PERSERO),INDONESIA,TELCM,0.031916432339832886,0.01799019595461675,102,0.00792335013396162,0.8088911322344974
2269.HK,WUXI BIOLOGICS CAYMAN,CHINA,HLTHC,0.03123436803789909,0.015291521586384874,43,0.01846784421643659,0.39574736307540714
BRTI.NS,BHARTI AIRTEL,INDIA,TELCM,0.030825741563586483,0.019285680278970423,67,0.018726492955383405,1.937101716360461
000660.KS,SK HYNIX,SOUTH KOREA,TECNO,0.030425440242824772,0.021869352404238145,103,0.013153878084139044,1.3448512405608843
003670.KS,POSCO FUTURE M,SOUTH KOREA,BMATR,0.030321308927574453,0.01177334895593294,38,0.017650448391402035,-0.10312108551044119
0241.HK,ALIBABA HLTH.INFO.TECH.,HONG KONG,COSTP,0.028009225563380525,0.013229436512250566,41,0.03127512540966443,1.4388791623962742
6098.HK,COUNTRY GARDEN SERVICES HOLDINGS,CHINA,RLEST,0.027378988548906594,0.016057655552551356,30,0.003567123442374768,-0.30596278836785795
PDD.O,PDD HOLDINGS ADS 1:4,IRELAND,TECNO,0.027355668804440264,0.018081514445150812,33,0.04479521091206397,1.1679246791571547
2330.TW,TAIWAN SEMICON.MNFG.,TAIWAN,TECNO,0.02690965396953098,0.01824047714093038,64,0.02125195513892184,1.8918679599714743
035720.KS,KAKAO,SOUTH KOREA,TECNO,0.02176805891636073,0.02086112665951352,106,0.009565200641740133,0.27251151994346134
090430.KS,AMOREPACIFIC,SOUTH KOREA,CODIS,0.021032879555990616,0.012208053724433926,85,-0.003533371623168966,-0.6135152476937997
2345.TW,ACCTON TECHNOLOGY,TAIWAN,TELCM,0.020250801973350323,0.022198550704225235,41,0.022617807513024404,1.002095402638827
2382.HK,SUNNY OPTICAL TECH.(GP.),CHINA,TECNO,0.01929913024604681,0.021103365801973792,51,0.016774640277487506,0.29700438673232266
005935.KS,SAMSUNG ELTN.PREF.,SOUTH KOREA,TELCM,0.01898524384248061,0.020217466912269725,134,0.010191551976726148,1.4390989638891218
SMPH.PS,SM PRIME HOLDINGS,PHILIPPINES,RLEST,0.018000147756506393,0.016268771487780772,134,0.004943815447883304,0.3393777540702394
ADAN.NS,ADANI POWER,INDIA,UTILS,0.017618054277801196,0.03601852885267624,21,0.024573420217608326,0.3211575497292354
BAJE.NS,BHARAT ELECTRONICS,INDIA,INDUS,0.017026206433864904,0.018181818181818184,20,0.04682206769312848,1.2511310045663269
CPN.BK,CENTRAL PATTANA,THAILAND,RLEST,0.016437128488511317,0.018945594357842033,110,0.006473791002773395,0.4816434312654323
SQMB.SN,SOCIEDAD QUIMICA Y MINERA DE CH,CHILE,BMATR,0.016408125008978196,0.009456615137235504,81,0.02240355595995777,2.567332171302772
3690.HK,MEITUAN,CHINA,TECNO,0.01630837212950594,0.018002777364479493,47,0.015631883445350884,0.25175063842674583
1579.HK,YIHAI INTL.HLDG.,CHINA,COSTP,0.014186512152403605,0.021608764241433216,16,0.035397915677816076,0.4174517745981341
BABA.K,ALIBABA GROUP HOLDING ADR 1:8,HONG KONG,CODIS,0.013832836170160609,0.00920961807799432,54,0.02512735297853061,2.1367212466122925
JSTL.NS,JSW STEEL,INDIA,BMATR,0.013181718715566974,0.009806833377951359,72,0.014068129071907663,1.0010126647308124
ADEL.NS,ADANI ENTERPRISES,INDIA,INDUS,0.013077064102883378,0.018755980861244023,38,0.017399751838796492,0.1507117163842584
005930.KS,SAMSUNG ELECTRONICS,SOUTH KOREA,TELCM,0.012400336864874975,0.019423415942623083,121,0.009518814950624663,1.094486953813509
600519.SS,KWEICHOW MOUTAI 'A',CHINA,COSTP,0.011938076185588089,0.008367875639652444,34,0.007429924032039768,0.064443288391004
AVEU.NS,AVENUE SUPERMARTS,INDIA,COSTP,0.01191587955860203,0.007961163392973907,68,0.012801717170584336,0.812841953781259
035420.KS,NAVER,SOUTH KOREA,TECNO,0.01167327674311493,0.022269469266096603,110,0.004095697171638136,-0.123838120877232
HLL.NS,HINDUSTAN UNILEVER,INDIA,COSTP,0.010948933062310486,0.006639445900966578,129,0.011226522139248107,2.234185959441799
600276.SS,JIANGSU HENGRUI MEDICINE 'A',CHINA,HLTHC,0.010710790244302689,0.013550709342446543,35,-0.013565813861493227,-0.47732440778547647
3008.TW,LARGAN PRECISION,TAIWAN,TECNO,0.010634664634291807,0.025770989743500252,34,0.011122492265943987,0.2508217438239744
BRPT.JK,BARITO PACIFIC,INDONESIA,BMATR,0.010385829580043476,0.00669827184604125,12,0.03620707659294292,-0.1722805881776328
247540.KQ,ECOPRO BM,SOUTH KOREA,INDUS,0.010306632314249218,0.018181818181818184,26,0.02180249143398872,-0.19383896113512555
ARBN.NS,AUROBINDO PHARMA,INDIA,HLTHC,0.01000600137125052,0.03515527950310559,23,0.0108750250509462,0.15563841352950236
005490.KS,POSCO HOLDINGS,SOUTH KOREA,BMATR,0.009856561063285042,0.005152806900372765,51,0.008018073055388923,0.018780129204859053
3529.TWO,EMEMORY TECHNOLOGY,TAIWAN,TECNO,0.009793338131845833,0.018205128205128207,26,0.01794182867422265,0.29156578102614894
TRUE.BK,TRUE CORPORATION,THAILAND,TELCM,0.009253840954720986,0.040453618593375054,2,0.1116198650395374,0.23556232325137128
EICH.NS,EICHER MOTORS,INDIA,CODIS,0.009118302004454485,0.0068424299331462215,87,0.006228271744911189,0.2888591236941864
ANGJ.J,ANGLOGOLD ASHANTI,UNITED KINGDOM,BMATR,0.009114511992864999,0.0035906761122329175,21,0.034544214948610354,0.46461898388842804
NEST.NS,NESTLE INDIA,INDIA,COSTP,0.00901784289481986,0.0070937073778972164,110,0.011631892977147737,1.8317348694514468
KLBF.JK,KALBE FARMA,INDONESIA,HLTHC,0.00896047374164161,0.02979165946772074,84,0.0003050951092286941,-0.14427642411337094
PIDI.NS,PIDILITE INDUSTRIES,INDIA,BMATR,0.008903923421684877,0.014011077411810966,50,0.010140922992098724,0.487434830832276
ALI.PS,AYALA LAND,PHILIPPINES,RLEST,0.008898380235162517,0.01645466196486836,132,0.0023157465901581234,-0.13115338121790154
MRTI.NS,MARUTI SUZUKI INDIA,INDIA,CODIS,0.00859616102114471,0.00670753943209172,73,0.011225841799926785,0.7251730942066077
BJFN.NS,BAJAJ FINANCE,INDIA,FINAN,0.00811872392710881,0.002768605421209869,98,0.0277507456484783,5.988493506523386
TAL,TAL EDUCATION GROUP 3 ADR 3:1,CHINA,CODIS,0.007350478731477245,0.00784313725490196,34,0.037049083553971705,1.8597102202009013
2688.HK,ENN ENERGY HOLDINGS,CHINA,UTILS,0.0073429317325661575,0.018385913656415443,62,0.01346359837612806,0.949911886504941
YUMC.K,YUM CHINA HOLDINGS,CHINA,CODIS,0.007054951666572301,0.016666666666666666,8,0.05291213749929226,0.4545123726346436
JD.O,JD COM ADR 1:2,CHINA,CODIS,0.006712614167664544,0.01611721611721612,28,0.014719031443050206,0.3515174798309648
SIEM.NS,SIEMENS,INDIA,INDUS,0.006252171708023705,0.018181818181818184,14,0.02456210313866455,0.24903189952297278
BJFS.NS,BAJAJ FINSERV,INDIA,FINAN,0.0062077220989474845,0.0031395044438517717,74,0.02819294158953779,3.1964454085208303
PIIL.NS,PI INDUSTRIES,INDIA,BMATR,0.006150230036588487,0.01177334895593294,38,0.009848500918057298,0.2538811673694221
TTPW.NS,TATA POWER,INDIA,UTILS,0.00585464118097463,0.03709260706041341,15,0.01064677376605176,0.1099605207728025
021240.KS,COWAY,SOUTH KOREA,CODIS,0.005840415660618924,0.015970365424616603,57,0.0037762046796752102,0.07638216548468324
ICBK.NS,ICICI BANK,INDIA,FINAN,0.005827760891675971,0.0024134117646832693,123,0.013502022160935672,2.4033013089401147
BBRI.JK,BANK RAKYAT INDONESIA,INDONESIA,FINAN,0.0057402578697959335,0.0023324189578162956,131,0.011928547172852907,1.8769439617343826
AC.PS,AYALA,PHILIPPINES,RLEST,0.005614265372650824,0.016834813382351953,123,0.0010649708427209706,-0.19677819907456862
BBCA.JK,BANK CENTRAL ASIA,INDONESIA,FINAN,0.005462157311307373,0.002298170971864086,134,0.011986642977564698,2.8810818495059856
BDMS.BK,BANGKOK DUSIT MED.SVS.,THAILAND,HLTHC,0.005418802114353663,0.02969187675070028,34,0.005052254765355991,0.12526492645024256
PLZL.MM,POLYUS,RUSSIAN FEDERATION,BMATR,0.005300547840468885,0.013897744684066316,24,0.019507889487507483,0.373651335682603
0960.HK,LONGFOR GROUP HOLDINGS,CHINA,RLEST,0.005226896339516429,0.028571428571428567,9,0.020326819098119443,0.15675429341820735
CPIJ.J,CAPITEC BANK,SOUTH AFRICA,FINAN,0.005020098828361107,0.002788183155269854,97,0.018014405161851987,1.9619407070903856
HVEL.NS,HAVELL'S INDIA,INDIA,INDUS,0.004753541749846756,0.014734545454545458,50,0.004205516189999535,0.04585248968046396
1918.HK,SUNAC CHINA HOLDINGS,CHINA,RLEST,0.004652739803356787,0.03333333333333333,5,0.027916438820140714,0.07965647237594609
034220.KS,LG DISPLAY,SOUTH KOREA,TECNO,0.004623661603121599,0.02857142857142857,6,0.026971359351542667,0.1466410108534828
JNSP.NS,JINDAL STEEL & POWER,INDIA,BMATR,0.004526632195778655,0.010764040835666146,7,0.036525552178573104,0.2651549100161683
ULTC.NS,ULTRATECH CEMENT,INDIA,INDUS,0.0044374616545337815,0.006517714458012965,67,0.011636238195628243,0.7155441692796527
0688.HK,CHINA OVERSEAS LAND INVESTMENT,HONG KONG,RLEST,0.004089803004613219,0.01046153842308637,39,0.011143387207298851,0.309259736193257
ASII.JK,ASTRA INTERNATIONAL,INDONESIA,CODIS,0.004089345019912379,0.013517360213311753,76,0.0008129558792756531,-0.15365177845341282
600809.SS,SHANXI XINGHUACUN FEN WINE FAC. 'A',CHINA,COSTP,0.0038233850087958736,0.005127904748015995,28,-0.004635178067914139,-0.28654647720603343
000858.SZ,WULIANGYE YIBIN 'A',CHINA,COSTP,0.003800703726175016,0.022222222222222223,2,0.08551583383893785,0.1730737312690389
ZEE.NS,ZEE ENTERTAINMENT ENTS.,INDIA,CODIS,0.0037658220512213334,0.015916778871934555,47,-0.002280023238008002,-0.21568690726895967
ISA.CN,INTERCONEXION ELECTRICA,COLOMBIA,UTILS,0.003555411562674243,0.025133147761099952,35,0.002277665961428493,-0.08275920558815997
LART.NS,LARSEN & TOUBRO,INDIA,INDUS,0.0034937640526072943,0.007568859324956886,41,-0.003666131219194451,-0.2259921011503606
SRFL.NS,SRF,INDIA,BMATR,0.003392991355255433,0.008295724601318551,26,0.013579397211476715,0.30175579792303653
015760.KS,KOREA ELECTRIC POWER,SOUTH KOREA,UTILS,0.0033208040471542646,0.010802569132803549,85,0.0029434042405200984,-0.07091600996977865
ECO.CN,ECOPETROL,COLOMBIA,ENEGY,0.003263231205640458,0.0028511904763856137,60,0.016609668743985444,0.6686226756520539
BMRI.JK,BANK MANDIRI,INDONESIA,FINAN,0.0032231583901532464,0.0023089123685142575,133,0.009942664505564613,1.2689025041158688
300750.SZ,CONTEMPORARY AMPEREX TECHNOLOGY 'A',CHINA,INDUS,0.00319353568556296,0.01782267115600449,27,0.012093764722462277,0.09063559222219397
OTPB.BU,OTP BANK,HUNGARY,FINAN,0.0030949347211840757,0.0029100787224651285,88,0.01214683937004012,0.9992343970444322
1211.SE,SAUDI ARABIAN MINING,SAUDI ARABIA,BMATR,0.0029790786269894326,0.015548076423486773,22,0.012506787004190128,0.0921391909059448
DABU.NS,DABUR INDIA,INDIA,COSTP,0.002977002017354136,0.007566946273527158,89,0.0031944438113403924,0.12227988925703404
AXBK.NS,AXIS BANK,INDIA,FINAN,0.0029767567549858756,0.002768605421209869,98,0.011363733954304648,0.8998800504178632
3711.TW,ASE TECHNOLOGY HOLDING,TAIWAN,TECNO,0.002972278550153828,0.025,2,0.059445571003076556,0.12230294479414572
TREN.NS,TRENT,INDIA,CODIS,0.0029486840758795657,0.0017365967365967365,26,0.064442404112633,3.334262547758536
6409.TW,VOLTRONIC POWER TECH.,TAIWAN,INDUS,0.002736116304930464,0.018181818181818184,26,0.005787938337352901,-0.040142343834528194
KCHOL.IS,KOC HOLDING,TURKEY,ENEGY,0.0024965753132766763,0.02202784794782833,1,0.1133372319978633,0.11333723199786339
SBI.NS,STATE BANK OF INDIA,INDIA,FINAN,0.00244003838816004,0.002300454721160804,118,0.011288622417460857,1.0724857365134541
IRBR3.SA,IRB BRASIL RESSEGUROS ON,BRAZIL,FINAN,0.0023643215353948473,0.008287488908606921,14,-0.049847897033621184,-0.7535246507976178
BFRG.NS,BHARAT FORGE,INDIA,BMATR,0.002340734669325723,0.008295724601318551,26,0.01385279974600728,0.28709401253234956
4013.SE,DR SULAIMAN AL HABIB MED. GRP,SAUDI ARABIA,HLTHC,0.0022927182143448613,0.0027564102560445457,26,0.010872947244814822,0.21713267012901527
EMAR.DU,EMAAR PROPERTIES,UNITED ARAB EMIRATES,RLEST,0.002220877855959788,0.03666666666666667,4,0.017529946068154702,0.0704103743353015
PMET.KL,PRESS METAL ALUMINIUM HOLDINGS,MALAYSIA,BMATR,0.002212818358052415,0.017179560131946384,36,0.0021246122052097772,-0.04991982671480111
WEGE3.SA,WEG ON,BRAZIL,INDUS,0.002210954518951625,0.013978354978354979,56,0.014659729355283938,0.5263955644223106
CEZP.PR,CEZ,CZECH REPUBLIC,UTILS,0.0022018881151921565,0.04000000000000001,1,0.0550472028798039,0.055047202879803914
BBDC4.SA,BANCO BRADESCO PN,BRAZIL,FINAN,0.002172840171159935,0.009523809523809525,4,0.057037054492948276,0.22158973098794976
DELTA.BK,DELTA ELECTRONICS,THAILAND,TECNO,0.0021316928068806223,0.01819776714513557,38,0.00322289653601982,-0.49288936526482663
036570.KS,NCSOFT,SOUTH KOREA,CODIS,0.002034243129752778,0.006353708020618052,54,0.00745037526396027,0.1435966738140424
7203.SE,AL,SAUDI ARABIA,TECNO,0.001995091653998496,0.016666666666666666,14,0.0085503928028507,0.05662561567159763
HROM.NS,HERO MOTOCORP,INDIA,CODIS,0.001948325126890511,0.015584859584859587,35,-0.0020470582047398774,-0.14377552330033982
BBNI.JK,BANK NEGARA INDONESIA,INDONESIA,FINAN,0.0019404064703848775,0.002425859919916292,122,0.0094013068387931,0.4781647695018849
BRIT.NS,BRITANNIA INDS.,INDIA,COSTP,0.0018323294816830426,0.005785362000896112,62,0.005713221344279793,0.22100795469199008
009150.KS,SAMSUNG ELTO.MECHANICS,SOUTH KOREA,TECNO,0.0017554283118053958,0.02212121212121212,11,0.009503442238338482,0.04441189777615295
DLF.NS,DLF,INDIA,RLEST,0.001510334006141182,0.0034285714285714284,38,0.015861819019205463,0.5556068484564285
2007.HK,COUNTRY GARDEN HOLDINGS,CHINA,RLEST,0.001486516717292703,0.02904761904761905,4,-0.05598047643690675,-0.24024610126562806
TITN.NS,TITAN COMPANY,INDIA,CODIS,0.0014607376792739257,0.002892476077423272,86,0.01550983487232583,1.6861118015308785
CPALL.BK,CP ALL,THAILAND,COSTP,0.001435098519996112,0.005832685830358683,39,0.01066021929751289,0.44197792578219586
010950.KS,S,SOUTH KOREA,ENEGY,0.0013070866531520369,0.0027008928573257983,64,0.006953589690478169,0.040604390176559146
APLH.NS,APOLLO HOSPS.ENTERPRISE,INDIA,HLTHC,0.0012919671938469138,0.004204081775528794,49,0.01695777240487548,0.871573198132034
0788.HK,CHINA TOWER,CHINA,TELCM,0.001224808696330905,0.005,6,0.0408269565443635,0.21866155521967112
2020.SE,SABIC AGRI,SAUDI ARABIA,BMATR,0.0012233059600561427,0.020512171927152687,3,0.015104674177466934,0.04301524352488317
8046.TW,NAN YA PRINTED CUB.,TAIWAN,TECNO,0.0012003047614340399,0.015384615384615385,2,0.039009904746606296,0.07580996487513181
PRIO3.SA,PETRO RIO ON,BRAZIL,ENEGY,0.0011304034871638838,0.015174073160266595,3,0.02208174045719577,0.0656967347261872
JUBI.NS,JUBILANT FOODWORKS,INDIA,CODIS,0.0011092358002548807,0.0016666666671721166,26,0.026621659207969505,0.7477950669850499
HPCL.NS,HINDUSTAN PETROLEUM,INDIA,ENEGY,0.0010638380205375952,0.006572116273330071,2,-0.0004246893493331516,-0.021566127617021702
9992.HK,POP MART INTERNATIONAL GROUP,CHINA,CODIS,0.0010191192800796667,0.0016666666666666666,2,0.3057357840239,0.6666697207335077
ENELCHILE.SN,ENEL CHILE,CHILE,UTILS,0.0010022719598823822,0.006648901662716055,15,-0.001842446279530407,-0.08591987575690119
BPCL.NS,BHARAT PETROLEUM,INDIA,ENEGY,0.0009858688591179005,0.006009937137958443,6,0.012081729274385701,0.06519072058950548
2020.HK,ANTA SPORTS PRODUCTS,CHINA,CODIS,0.000981802249481212,0.0016466346157952933,32,0.018192175828723206,0.5339510284983398
028260.KS,SAMSUNG C&T,SOUTH KOREA,INDUS,0.000979455930417247,0.002065359477124183,34,0.013534293237728817,0.36550969849160575
011170.KS,LOTTE CHEMICAL,SOUTH KOREA,INDUS,0.00092887530864843,0.002,31,0.01498185981691016,0.34143977611111276
INFY.NS,INFOSYS,INDIA,TECNO,0.0009224150678473158,0.019268237288444873,76,5.383432583055155e-06,-0.18207808458188135
000810.KS,SAMSUNG FIRE & MAR.IN.,SOUTH KOREA,FINAN,0.0009146012993924006,0.0023553614406310996,69,0.005231515070247477,0.2758731145018949
DIAL.KL,DIALOG GROUP,MALAYSIA,ENEGY,0.0009068525387683677,0.002650375939849624,19,0.018921858178542427,0.3836006470503832
GLOB.K,GLOBANT,LUXEMBOURG,TECNO,0.0008936382260118442,0.020000000000000004,1,0.0446819113005922,0.04468191130059229
010140.KS,SAMSUNG HEAVY INDS.,SOUTH KOREA,INDUS,0.0008651853779055749,0.0022222222222222222,1,0.3893334200575087,0.3893334200575087
KTKM.NS,KOTAK MAHINDRA BANK,INDIA,FINAN,0.0008298945728383185,0.0009346563969727771,62,0.013876421231932176,1.0616094960416436
402340.KS,SK SQUARE,SOUTH KOREA,FINAN,0.0008233939060582176,0.000861847182917417,26,0.03632292399361287,1.15484551229184
105560.KS,KB FINANCIAL GROUP,SOUTH KOREA,FINAN,0.0008144250006078142,0.0015310231750154707,78,0.007884440475743998,0.4777676899602852
CHLA.NS,CHOLAMANDALAM INV.& FIN.,INDIA,FINAN,0.0007859278615809049,0.000905474388311917,38,0.02416205237942918,1.18003607418518
GFNORTEO.MX,GPO FINANCE BANORTE,MEXICO,FINAN,0.0007700655040609433,0.0009396713126690243,19,0.04494700282133413,1.0832182822630845
035250.KS,KANGWON LAND,SOUTH KOREA,CODIS,0.0007660707560514002,0.020000000000000004,1,0.03830353780257,0.03830353780257001
086790.KS,HANA FINANCIAL GROUP,SOUTH KOREA,FINAN,0.0006976649397783331,0.0014610276122669608,40,0.011719725044546766,0.38427067940796267
2202.HK,CHINA VANKE 'H',CHINA,RLEST,0.0006691612273435541,0.003333333333333333,4,0.05018709205076655,0.2113991391490213
6415.TW,SILERGY,CHINA,TECNO,0.0006358484801744877,0.016902456517841134,26,0.0002677068393275567,-0.31070843143851656
MOLB.BU,MOL MAGYAR OLAJ,HUNGARY,ENEGY,0.0006240101732503138,0.0025,9,0.02773378547779172,0.1920924754970763
FEMSAUBD.MX,FOMENTO ECONOMICO MEXICANO,MEXICO,COSTP,0.0006232290588438373,0.009501262515418718,24,0.003629550804571363,0.057991937162015006
TORP.NS,TORRENT PHARMACEUTICALS,INDIA,HLTHC,0.0006096247711768893,0.0022619047619047623,14,0.019338609444029455,0.2691647468642071
PGRD.NS,POWER GRID CORPORATION OF INDIA,INDIA,UTILS,0.0005859286693777839,0.026500000000000003,8,-0.0084896842830841,-0.0674544349481101
CMPC.SN,EMPRESAS CMPC,CHILE,BMATR,0.0005838196525863985,0.0035818245736641205,51,0.006631486471239666,0.18906512749454762
BDO.PS,BDO UNIBANK,PHILIPPINES,FINAN,0.0005174526141337628,0.0028024453024969604,74,-0.0023592759331621596,-0.3305322831782189
001040.KS,CJ,SOUTH KOREA,INDUS,0.0004988349249056846,0.002,20,0.012470873122642114,0.1534096703825527
GMKN.MM,MMC NORILSK NICKEL,RUSSIAN FEDERATION,BMATR,0.0004859611613100759,0.008358169863838999,49,0.017801791283608124,0.9749524014355633
GFIJ.J,GOLD FIELDS,SOUTH AFRICA,BMATR,0.0004646006672140562,0.0022222222222222222,6,0.03484505004105422,0.10001516311650427
HDBK.NS,HDFC BANK,INDIA,FINAN,0.00046000573364519384,0.0010526315789473688,12,0.03972776790572125,0.5113801027007345
PGAS.KL,PETRONAS GAS,MALAYSIA,UTILS,0.00044715749737946303,0.005,1,0.0894314994758926,0.08943149947589268
SBIL.NS,SBI LIFE INSURANCE COMPANY,INDIA,FINAN,0.0004260107876253074,0.0008992241979619258,62,0.007939141999322531,0.3161538029824531
CCRO3.SA,CMPH.COCS. RODOVIARIAS ON,BRAZIL,INDUS,0.00042052446448048817,0.002,3,0.07008741074674803,0.2153565966647779
MAHM.NS,MAHINDRA & MAHINDRA,INDIA,CODIS,0.0004168379562115905,0.0016666666666666668,11,0.02273661579335948,0.21517349626813398
055550.KS,SHINHAN FINL.GROUP,SOUTH KOREA,FINAN,0.00037942294031186627,0.0023782463281360857,70,-0.0009913831927532357,-0.17466095456587138
ADRO.JK,ALAMTRI RESOURCES INDONESIA,INDONESIA,ENEGY,0.00037585510655096084,0.002857142857279086,13,0.010962440607992575,0.10936753299674007
006800.KS,MIRAE ASSET SECURITIES,SOUTH KOREA,FINAN,0.00035467766518738897,0.0026190478395574104,11,0.015729639940381842,0.11078184655063628
CDR.WA,CD PROJEKT,POLAND,CODIS,0.0003195317425679283,0.0016666666666666666,29,0.006611001570370929,-0.051474706329976416
259960.KS,KRAFTON,SOUTH KOREA,CODIS,0.00030531793264329673,0.0017065390749601277,19,0.01056385437058066,0.1372163786055336
003490.KS,KOREAN AIR LINES,SOUTH KOREA,CODIS,0.00029749006057253817,0.0015384615384615387,1,0.1933685393721498,0.19336853937214982
1120.SE,AL RAJHI BANK,SAUDI ARABIA,FINAN,0.000292783922670833,0.0009124873006103123,41,0.008088879909835034,0.2586833504477113
034730.KS,SK,SOUTH KOREA,ENEGY,0.0002924754153598931,0.0032311673455621952,88,0.014524446369729126,1.2406144141439492
ICIL.NS,ICICI LMD.GEN.INCM.,INDIA,FINAN,0.0002566067030380908,0.0008992241979619258,62,0.00526692640504143,0.15865682112369406
PEOLES.MX,INDUST PENOLES,MEXICO,BMATR,0.00025160920451633596,0.002857142857142857,2,0.0440316107903588,0.08857736270142125
B3SA3.SA,B3 BRASIL BOLSA BALCAO ON,BRAZIL,FINAN,0.00024783504846472015,0.0034172562305554636,17,-0.023695735919456024,-0.4410506784566912
IRAO.MM,INTER RAO EES,RUSSIAN FEDERATION,UTILS,0.0002005573135633732,0.004,3,0.016713109463614432,0.050645854154472314
1211.HK,BYD 'H',CHINA,CODIS,0.00018885968221283856,0.0016225441225441225,14,0.008497753625763802,-0.02030965819218289
005830.KS,DB INSURANCE,SOUTH KOREA,FINAN,0.00018712374831213123,0.0013820420618434071,23,0.012249156533281845,0.21280798235566878
600036.SS,CHINA MERCHANTS BANK 'A',CHINA,FINAN,0.00018635278086825418,0.0008794466403162055,4,0.05365559464225455,0.22514895847396965
1776.HK,GF SECURITIES 'H',CHINA,FINAN,0.00018071064520715127,0.001,3,0.060236881735717084,0.14147680588507372
8210.SE,BUPA ARABIA FOR COOP.IN.,SAUDI ARABIA,FINAN,0.00017581260884598162,0.0008653846153846154,24,0.008021950446539743,0.13796082898243012
2308.TW,DELTA ELECTRONICS,TAIWAN,INDUS,0.0001712403303570671,0.0022222222222222222,1,0.0770581486606802,0.07705814866068028
6886.HK,HUATAI SECURITIES 'H',CHINA,FINAN,0.0001622372493480512,0.001,3,0.054079083116017064,0.13441477385569334
316140.KS,WOORI FINANCIAL GROUP,SOUTH KOREA,FINAN,0.00016023809470783982,0.0009393939393939394,3,0.05931824712421743,0.18264945574822122
HDFL.NS,HDFC LIFE INSURANCE COMPANY,INDIA,FINAN,0.00011593436548351656,0.0008992241979619258,62,0.002731838269750306,-0.03446945255942835
BPI.PS,BANK OF THE PHILP.ISLE.,PHILIPPINES,FINAN,9.557416185060436e-05,0.0008695652173913044,1,0.109910286128195,0.10991028612819509
LICH.NS,LIC HOUSING FINANCE,INDIA,FINAN,9.497712535866476e-05,0.0010000000899801373,27,0.003517673406270227,0.02016490969985263
6690.HK,HAIER SMART HOME H 'H',CHINA,CODIS,8.648139967994233e-05,0.0016666666666666663,3,0.017296279935988465,0.044923058536092686
EDU,NEW ORNTL.ED.& TGP. ADR 1:10,CHINA,CODIS,8.510641871471464e-05,0.0016666666666666666,4,0.0127659628072072,0.018296974014657685
MUTT.NS,MUTHOOT FINANCE,INDIA,FINAN,8.39552616070198e-05,0.0007692307692307693,2,0.054570920044562855,0.10449992025135879
4002.SE,MOUWASAT MEDICAL SVS.,SAUDI ARABIA,HLTHC,8.227601695150889e-05,0.0022222222222222222,1,0.037024207628179,0.03702420762817904
BKOM.PR,KOMERCNI BANKA,CZECH REPUBLIC,FINAN,8.032915737692392e-05,0.0008695652173913044,3,0.030792843661154163,0.09287743935251269
2331.HK,LI NING,CHINA,CODIS,7.460707345069057e-05,0.0016601107234320788,16,0.002714842049239689,-0.07581733735297969
GFINBURO.MX,GRUPO FINANCIERO INBURSA SRIES 'O',MEXICO,FINAN,7.201112565341154e-05,0.0008668639053254438,26,0.004202827263821754,0.024044611581152342
601318.SS,PING AN INSURANCE (GP.) CO. OF CHINA 'A',CHINA,FINAN,7.153658378749555e-05,0.0008695652173913044,12,0.006855589279634992,0.04635718323426996
JGS.PS,JG SUMMIT HOLDINGS 1 B,PHILIPPINES,INDUS,6.04787520159776e-05,0.002,2,0.0151196880039944,0.030356326054022276
NTPC.NS,NTPC,INDIA,UTILS,5.9463303227519316e-05,0.00571875,32,0.011271518448861626,0.3572656707919766
2880.TW,HUA NAN FINANCIAL HDG.,TAIWAN,FINAN,4.32472340903616e-05,0.001,3,0.014415744696787199,0.03963797156557236
0371.HK,BEIJING ENTERPRISES WATER GROUP,HONG KONG,UTILS,3.673187792024564e-05,0.0045000000000000005,4,0.004300380460051699,0.010173026203925906
COLG.NS,COLGATE,INDIA,COSTP,2.6866784575531425e-05,0.0022222222222222222,14,0.0008635752184992247,-0.05427935820724128
016360.KS,SAMSUNG SECURITIES,SOUTH KOREA,FINAN,2.5291330248281886e-05,0.0010242914979757087,26,0.000750092791551415,-0.10166070737148925
TAMO.NS,TATA MOTORS,INDIA,CODIS,2.196691276858359e-05,0.004012267194085376,33,0.010949290659294314,0.22343481260654063
1303.TW,NAN YA PLASTICS,TAIWAN,BMATR,1.823769406132486e-05,0.002857142857142857,3,0.0021277309738212333,0.005602705239099004
ISCTR.IS,TURKIYE IS BANKASI 'C',TURKEY,FINAN,3.5012237031159132e-06,0.0008695652173913044,1,0.0040264072585833,0.0040264072585833866
GLEN.NS,GLENMARK PHARMACEUTICALS,INDIA,HLTHC,0.0,0.02857142857142857,1,,0.0
RELI.NS,RELIANCE INDUSTRIES,INDIA,ENEGY,0.0,0.004693350858656086,134,,0.0
ZOMT.NS,ZOMATO,INDIA,TECNO,0.0,0.016666666666666666,14,,0.0
UNSP.NS,UNITED SPIRITS,INDIA,COSTP,0.0,0.005192770168052683,110,,0.0
AKBNK.IS,AKBANK,TURKEY,FINAN,-5.64754305849e-06,0.0008695652173913044,1,-0.0064946745172635,-0.006494674517263488
COMI.CA,COML.INBLK.EGY. (CIB),EGYPT,FINAN,-7.505107725612627e-06,0.0014639061424238113,15,0.003536695418617908,-0.06603277894554316
KBANK.BK,KASIKORNBANK,THAILAND,FINAN,-1.1682797595684e-05,0.001,1,-0.011682797595684,-0.011682797595684025
SSWJ.J,SIBANYE STILLWATER,SOUTH AFRICA,BMATR,-1.3210946230434116e-05,0.021192845637684476,1,-0.0006233682090782,-0.0006233682090781567
300059.SZ,EAST MONEY INFO.'A',CHINA,FINAN,-1.3223462009099616e-05,0.0007692307692307693,2,-0.00859525030591475,-0.01740204931370437
PZU.WA,PZU GROUP,POLAND,FINAN,-1.398254421022339e-05,0.0008695652173913044,1,-0.0160799258417569,-0.01607992584175688
053000.KS^K14,WOORIFINANCE HOLDINGS DEAD,SOUTH KOREA,FINAN,-2.309110633110958e-05,0.0010526315789473688,12,-0.0019942319104140007,-0.038425155386212495
VTBR.MM,VTB BANK,RUSSIAN FEDERATION,FINAN,-2.6379554975876506e-05,0.001,5,-0.005275910995175302,-0.045378744417649886
GARAN.IS,TKI.GARANTI BKSI.,TURKEY,FINAN,-2.696688364829878e-05,0.0008695652173913044,1,-0.0310119161955436,-0.031011916195543554
2313.HK,SHENZHOU INTL.GP.HDG.,CHINA,CODIS,-2.9036647915837716e-05,0.0016666666798083665,1,-0.0174219886121299,-0.017421988612129846
MOEX.MM,MOSCOW EXCHANGE,RUSSIAN FEDERATION,FINAN,-3.5129853000252486e-05,0.001,8,-0.005018550428607498,-0.07220540826332777
MRF.NS,MRF,INDIA,CODIS,-3.53050425970195e-05,0.0016666666666666666,1,-0.0211830255582117,-0.02118302555821172
ICIR.NS,ICICI PRUDENTIAL LIFE INSURANCE COMPANY,INDIA,FINAN,-4.1088979954413464e-05,0.0007692307692307693,2,-0.02670783697036875,-0.057936712295155846
ZLAB.O,ZAI LABORATORY ADR 1:10,CHINA,HLTHC,-4.4372862826356994e-05,0.0016666666666666666,2,-0.013311858847907101,-0.03320345305790806
COPEC.SN,EMPRESAS COPEC,CHILE,ENEGY,-4.568876707644116e-05,0.004272074996525894,91,0.004333124719185123,0.11674494072277275
PAGE.NS,PAGE INDUSTRIES,INDIA,CODIS,-4.695676989436025e-05,0.0016740277266593055,38,-0.0007502055493054908,-0.09696474086146256
2881.TW,FUBON FINL.HLDG.,TAIWAN,FINAN,-4.709226954827196e-05,0.0008026755852842811,3,-0.021632179267404,-0.06692347029284118
1590.TW,AIRTAC INTERNATIONAL GP.,TAIWAN,INDUS,-5.568629343174511e-05,0.0022222222222222222,1,-0.0250588320442853,-0.025058832044285273
0175.HK,GEELY AUTOMOBILE HDG.,HONG KONG,CODIS,-6.488793806178e-05,0.016666666666666666,1,-0.0038932762837068,-0.003893276283706837
1109.HK,CHINA RESOURCES LAND,HONG KONG,RLEST,-6.526868259800075e-05,0.007724137879323048,29,-0.0013481609316103598,-0.14951305340843046
BIMAS.IS,BIM BIRLESIK MAGAZALAR,TURKEY,COSTP,-6.8068161979917e-05,0.01,1,-0.0068068161979917,-0.0068068161979917274
1180.SE,THE SAUDI NATIONAL BANK,SAUDI ARABIA,FINAN,-7.58561279671775e-05,0.001,1,-0.0758561279671775,-0.07585612796717744
011200.KS,HMM,SOUTH KOREA,INDUS,-7.864374048402201e-05,0.020000000000000004,1,-0.0039321870242011,-0.0039321870242010615
4190.SE,JARIR MARKETING,SAUDI ARABIA,CODIS,-7.962776409114531e-05,0.0016666666666666666,2,-0.0238883292273436,-0.04988533185054689
RAIL3.SA,RUMO ON,BRAZIL,INDUS,-8.719624581074646e-05,0.0022222222222222222,1,-0.0392383106148359,-0.03923831061483596
2628.HK,CHINA LIFE INSURANCE 'H',CHINA,FINAN,-9.021133620787315e-05,0.001,7,-0.012887333743981886,-0.11183288466666119
SCB.BK,SCB X PUBLIC COMPANY LIMITED,THAILAND,FINAN,-9.362995098136338e-05,0.0008695652173913044,5,-0.02153488872571358,-0.11750360153704742
BLKI.NS,BALKRISHNA INDUSTRIES,INDIA,CODIS,-9.976461928522549e-05,0.0016666666666666666,1,-0.0598587715711353,-0.05985877157113528
ROSN.MM,OC ROSNEFT,RUSSIAN FEDERATION,ENEGY,-0.00010020013149281101,0.0025,1,-0.0400800525971244,-0.04008005259712444
1336.HK,NEW CHINA LIFE INSURANCE 'H',CHINA,FINAN,-0.00010589132424612614,0.0012229648200388612,27,-0.007493227739583369,-0.29480094968972137
MGLU3.SA,MAGAZINE LUIZA ON,BRAZIL,CODIS,-0.00011694556494813572,0.0016666666671533961,27,-0.0025987902570815853,-0.36533424241646506
042660.KS,HANWHA OCEAN,SOUTH KOREA,INDUS,-0.00012402872499214101,0.002,2,-0.031007181248035254,-0.06121328157855088
ITUB4.SA,ITAU UNIBANCO HOLDING PN,BRAZIL,FINAN,-0.00013171047736835304,0.0008695652173913044,1,-0.151467048973606,-0.15146704897360597
000001.SZ,PING AN BANK 'A',CHINA,FINAN,-0.00014400586001346618,0.0009090909090909091,2,-0.0792032230074064,-0.15213500065406405
ALDAR.AD,ALDAR PROPERTIES,UNITED ARAB EMIRATES,RLEST,-0.0001460860508199076,0.004,1,-0.0365215127049769,-0.036521512704976944
LEGN.O,LEGEND BIOTECH 2 ADR 1:2,UNITED STATES,HLTHC,-0.00014619599088090625,0.0022222222222222222,2,-0.0328940979482039,-0.10410585517448978
003550.KS,LG,SOUTH KOREA,INDUS,-0.0001523464835099292,0.002,7,-0.010881891679280659,-0.0758639717122278
0966.HK,CHINA TAIPING INSURANCE HLDGS,HONG KONG,FINAN,-0.0001550454319672805,0.001,5,-0.0310090863934561,-0.1717235479619964
SBIC.NS,SBI CARDS & PAYMENT SERVICES,INDIA,FINAN,-0.00015692632039798814,0.001,12,-0.014266029127089826,-0.18178250151185404
BANH.NS,BANDHAN BANK,INDIA,FINAN,-0.0001618974306358328,0.0008893280632411068,24,-0.007697593592001045,-0.45911345840972495
ADNOCDIST.AD,ADB.NAT.OIL CO.FOR DS. PJSC,UNITED ARAB EMIRATES,ENEGY,-0.0001653577194666156,0.009520162050140796,38,-0.0002691407848446289,-0.03781925015723986
352820.KS,HYBE,SOUTH KOREA,CODIS,-0.0001809201346608502,0.0015865384615384617,16,-0.007883000300837375,-0.2930385480546325
5871.TW,CHAILEASE HOLDING,TAIWAN,FINAN,-0.00020278400953279,0.0009306104523495828,9,-0.022439896973568834,-0.1996122522259739
1150.SE,ALINMA BANK,SAUDI ARABIA,FINAN,-0.00020392166640960022,0.001,2,-0.1019608332048001,-0.19448903823364716
NIO,NIO ADR 1:1,CHINA,CODIS,-0.00020621956894189674,0.0016205128210384887,25,-0.007226469928400958,-0.5442978322337414
GODR.NS,GODREJ PROPERTIES,INDIA,RLEST,-0.00022505987725121113,0.004,14,-0.004018926379485914,-0.12299766473251228
WALMEX.MX,WALMART DE MEXICO 'V',MEXICO,CODIS,-0.0002301317735545221,0.0016574397824397824,24,-0.005808608515235825,-0.17809999151681244
1816.HK,CGN POWER 'H',CHINA,UTILS,-0.00027598349614813694,0.005,12,-0.004599724935802284,-0.13218301338948035
1268.HK,CHINA MEIDONG AUTO HDG.,CHINA,CODIS,-0.0002822186946016973,0.0015384615384615387,1,-0.1834421514911032,-0.1834421514911032
024110.KS,INDUSTRIAL BANK OF KOREA,SOUTH KOREA,FINAN,-0.00029800102758030956,0.0010526315789473684,5,-0.05662019524025882,-0.2564216021449066
GOCP.NS,GODREJ CONSUMER PRODUCTS,INDIA,COSTP,-0.00030635127644641427,0.002544268274726758,29,0.0051014067486753484,0.06329182821647406
HMPRO.BK,HOME PRODUCT CENTER,THAILAND,CODIS,-0.0003121284993443835,0.0016666666666666668,11,-0.01872770996066301,-0.20313727032815365
COLBUN.SN,COLBUN MACHICURA,CHILE,UTILS,-0.0003209296776655442,0.004666666666666667,36,-0.000494175705147625,-0.06841443566491967
9910.TW,FENG TAY ENTERPRISES,TAIWAN,CODIS,-0.0003226498264794145,0.0017249417249417252,3,-0.06347438233182452,-0.17941360694189945
PETR.KL,PETRONAS DAGANGAN,MALAYSIA,ENEGY,-0.0003235394303665193,0.0025,4,-0.03235394303665193,-0.13295372303682662
2884.TW,E SUN FINL.HLDG.,TAIWAN,FINAN,-0.00034851273329087213,0.0009565217391304348,9,-0.03854378151678784,-0.3106409481575909
138930.KS,BNK FINANCIAL GROUP,SOUTH KOREA,FINAN,-0.00035016186832411735,0.0010058479532163741,18,-0.019398092762229605,-0.3750867800522252
BIC.CN,BANCOLOMBIA,COLOMBIA,FINAN,-0.00035199093437622044,0.0010264792415822168,14,-0.03314882024371371,-0.45951753207236234
SBER.MM,SBERBANK OF RUSSIA,RUSSIAN FEDERATION,FINAN,-0.0003528359920351933,0.0012554112560078214,33,0.013719291643773406,0.32116556306034494
000100.KS,YUHAN,SOUTH KOREA,HLTHC,-0.00036426365571566,0.0022222222222222222,4,-0.04097966126801175,-0.17276278169257275
1326.TW,FORMOSA CHEMS.& FIBRE,TAIWAN,BMATR,-0.0003877111713705083,0.002857142857142857,3,-0.045232969993225965,-0.12988628840355965
KLBN11.SA,KLABIN UNITS,BRAZIL,BMATR,-0.0004173642271452803,0.002857142857142857,6,-0.024346246583474684,-0.1497100900502636
ICT.PS,INTL.CTNR.TERM.SVS.,PHILIPPINES,INDUS,-0.0004206031252571513,0.012504398826979474,31,0.0051930922250048965,0.07025671691954871
081660.KS,FILA HOLDINGS,SOUTH KOREA,CODIS,-0.0004276889435997919,0.0016666666666666666,9,-0.02851259623998613,-0.26315834214474765
ASPN.NS,ASIAN PAINTS,INDIA,INDUS,-0.0004712205486524996,0.008005427408412483,134,0.01322277693466443,2.9728420604510184
INTP.JK,ICT.TUNGGAL PRAKARSA,INDONESIA,INDUS,-0.000488190221498876,0.002039506172839506,45,-0.005170091227887798,-0.3418358350701898
FUNO11.MX,FIBRA UNO ADMINISTRACION REIT,MEXICO,RLEST,-0.0004921450192495288,0.004,1,-0.1230362548123822,-0.12303625481238223
000568.SZ,LUZHOU LAO JIAO 'A',CHINA,COSTP,-0.0004940367825202967,0.0032653951291678083,4,0.020540724659269878,0.06257510226785068
196170.KQ,ALTEOGEN,SOUTH KOREA,HLTHC,-0.0005002980979943973,0.003793640529085402,14,-0.01818202434419996,-0.24574586006420984
010620.KS,HD HYUNDAI MIPO,SOUTH KOREA,INDUS,-0.0005130446371298971,0.002,6,-0.04275371976082475,-0.2555815432529893
HCLT.NS,HCL TECHNOLOGIES,INDIA,TECNO,-0.0005158855607166133,0.023318283783400062,43,-0.0033262027811593172,-0.21960923860302994
002594.SZ,BYD 'A',CHINA,CODIS,-0.0005342945045739996,0.0016705516709499039,33,-0.008092532555317125,-0.3462901054697689
SNGS.MM,SURGUTNEFTEGAS,RUSSIAN FEDERATION,ENEGY,-0.000540286761271583,0.002642857142857143,5,-0.045321257066683544,-0.2731932408024682
086280.KS,HYUNDAI GLOVIS,SOUTH KOREA,INDUS,-0.0005439940961725056,0.002,28,-0.009714180288794743,-0.34784507877620674
2318.HK,PING AN INSURANCE (GROUP) OF CHINA 'H',CHINA,FINAN,-0.0005662992568165626,0.0034663354037261567,25,0.0022852524764338977,-0.015239620139230858
ITC.NS,ITC,INDIA,COSTP,-0.0005920576929106894,0.00976301467168145,13,-0.00594956962850613,-0.08879217037432063
SMGR.JK,SEMEN INDONESIA (PERSERO),INDONESIA,INDUS,-0.000621797147042184,0.002,58,-0.005551760241448071,-0.3853011872934118
ONGC.NS,OIL & NATURAL GAS (NSE),INDIA,ENEGY,-0.0006274508596507959,0.0025974025974025974,11,-0.020841427622854673,-0.22970723625965161
XPEV.K,XPENG ADR 1:2,CHINA,CODIS,-0.0006326717552686356,0.0016666666666666666,2,-0.18980152658059068,-0.3540290715310608
9633.HK,NONGFU SPRING 'H',CHINA,COSTP,-0.000647107610802601,0.002074074074074074,18,-0.016266991180304367,-0.2842674055727006
2395.TW,ADVANTECH,TAIWAN,TECNO,-0.0006554157340071666,0.022912087912087913,7,-0.010767138350392986,-0.08752060828542907
MRCO.NS,MARICO,INDIA,COSTP,-0.0006645539234865648,0.005180034935741348,50,0.004735441562220517,0.1732044785505722
AMRT.JK,SUMBER ALFARIA TRIJAYA,INDONESIA,COSTP,-0.0006932559782955904,0.0021196581196581197,26,-0.012321886164399857,-0.3311942815969465
MBFL.NS,MPHASIS,INDIA,TECNO,-0.000701020812365915,0.016666666666666666,1,-0.0420612487419549,-0.04206124874195494
BAJA.NS,BAJAJ AUTO,INDIA,CODIS,-0.0007187522848232087,0.00646945646945647,21,0.012485339571766098,0.18447139223793063
267250.KS,HD HYUNDAI,SOUTH KOREA,ENEGY,-0.0007225949506370745,0.002551020408999568,14,-0.01970130674455611,-0.2790205963174619
ALEP.WA,ALLEGRO,LUXEMBOURG,CODIS,-0.000769722975337942,0.0016666666681268555,9,-0.051314864832678,-0.4271367135853652
MCGJ.J,MULTICHOICE GROUP,SOUTH AFRICA,TELCM,-0.0007763042626028568,0.004,1,-0.1940760656507142,-0.19407606565071422
HTHT.O,H WORLD GROUP ADR 1:10,CHINA,CODIS,-0.0007763649508160382,0.001664826401668507,19,-0.02372043508942518,-0.4651541684102495
051600.KS,KEPCO PLANT SER.& ENGR.,SOUTH KOREA,INDUS,-0.0007775564363447336,0.002,6,-0.06479636969539447,-0.37502370219554737
LREN3.SA,LOJAS RENNER ON,BRAZIL,CODIS,-0.0007792605236253097,0.0016666666666666666,9,-0.05195070157502066,-0.47255843727553937
PLNG.NS,PETRONET L N G,INDIA,ENEGY,-0.0007987693409895566,0.0086880602232191,1,-0.091938743570725,-0.09193874357072496
3692.HK,HANSOH PHARMACEUTICAL GROUP,CHINA,HLTHC,-0.0008364730036631655,0.005722150464668813,2,-0.0836080431577042,-0.16044599182435026
002352.SZ,S F HDG.'A',CHINA,INDUS,-0.0008368353498658837,0.0022222222222222222,3,-0.12552530247988256,-0.35129076312250507
DSYJ.J,DISCOVERY,SOUTH AFRICA,FINAN,-0.0008462349702249738,0.0009173716309266182,17,-0.05361869106264507,-0.6440501741554618
000720.KS,HYUNDAI ENGR.& CON.,SOUTH KOREA,INDUS,-0.0008551035186161295,0.0020952380952380953,7,-0.06133492815391567,-0.43584812226177516
0968.HK,XINYI SOLAR HOLDINGS,CHINA,ENEGY,-0.0008643860531707816,0.003333333333333333,2,-0.12965790797561724,-0.2502659408678448
600900.SS,CHINA YANGTZE PWR. 'A',CHINA,UTILS,-0.0008742382173913898,0.036571428571428574,14,0.0020674028858655587,0.002063019017672696
2222.SE,SAUDI ARABIAN OIL,SAUDI ARABIA,ENEGY,-0.0008878120475696557,0.006033464342917698,57,0.003840846220180863,0.17364838698041685
MDKA.JK,MERDEKA COPPER GOLD,INDONESIA,BMATR,-0.000897085280854916,0.01615008131333057,24,-0.00493341029567104,-0.29131019443828043
PTT.BK,PTT,THAILAND,ENEGY,-0.0009360195496078505,0.0026382488483039524,31,-0.011810574547635759,-0.3702841351233649
6505.TW,FORMOSA PETROCHEMICAL,TAIWAN,ENEGY,-0.0009617288596617288,0.004877954801999061,32,-0.009157458949728659,-0.284615241577972
INKP.JK,INDAH KIAT PULP & PAPER,INDONESIA,BMATR,-0.0009655448525684052,0.0025,12,-0.03511072191157837,-0.4001677845818028
SIS.CN,GRUPO DE INVERSIONES SURAMERICANA,COLOMBIA,FINAN,-0.0009711399454711226,0.0035028195827242806,72,-0.0007453417420747204,-0.2657246121621797
BPAC11.SA,BCO BTG PACTUAL UNT,BRAZIL,FINAN,-0.0009911305902258005,0.0008921826965305225,18,-0.06188030243831469,-0.7805056767838141
IQ.O,IQIYI ADS 1:7,CHINA,CODIS,-0.0010508388350362848,0.0016666666666666666,17,-0.03708842947186888,-0.5985611510791367
3800.HK,GCL TECHNOLOGY HOLDINGS,HONG KONG,ENEGY,-0.0010641909591412625,0.0025,4,-0.10641909591412625,-0.3734875305975305
ALRS.MM,ALROSA,RUSSIAN FEDERATION,BMATR,-0.0010701533134351454,0.002857142857142857,12,-0.031212804975191744,-0.3414470816228644
263750.KQ,PEARLABYSS,SOUTH KOREA,CODIS,-0.0010702751720645623,0.0015384615384615387,12,-0.06324353289472413,-0.5728097575726059
028050.KS,SAMSUNG E&A,SOUTH KOREA,INDUS,-0.0010864918494060882,0.003098412698412699,35,-0.0189081599629386,-0.5859421626598196
051900.KS,LG H & H,SOUTH KOREA,COSTP,-0.0010926828369618258,0.005858585766114183,11,-0.01907981613531218,-0.20902136484723643
VODJ.J,VODACOM GROUP,SOUTH AFRICA,TELCM,-0.0011445132569914982,0.032444444440531094,9,0.003202865725909345,0.007031796388417
002475.SZ,LUXSHARE PRECN.IND.'A',CHINA,CODIS,-0.0011618432678123826,0.0016153846153846153,10,-0.07324406632638718,-0.597915957124848
009540.KS,HD KOA.SHIPBLDG.& OFFS. ENGR.,SOUTH KOREA,INDUS,-0.0012175362096966103,0.0020814814814814815,60,-0.010211871023021617,-0.627006537451726
OMUJ.J,OLD MUTUAL LIMITED (JSE),SOUTH AFRICA,FINAN,-0.0012237618027357666,0.004737854737854739,9,0.01425404830387751,0.0795154163919749
601888.SS,CHINA TOURISM GROUP DUTY FREE 'A',CHINA,CODIS,-0.0012394823271907043,0.0016333666338359798,28,-0.024494301033982955,-0.617451865366456
1209.HK,CHINA RESOURCES MIXC LIFESTYLE SERVICES,CHINA,RLEST,-0.0012453471745281135,0.002857142857142857,12,-0.039624682825894514,-0.37113441087742305
2382.TW,QUANTA COMPUTER,TAIWAN,TECNO,-0.0013172664815209322,0.020000000000000004,1,-0.0658633240760466,-0.06586332407604656
MRPJ.J,MR PRICE GROUP,SOUTH AFRICA,CODIS,-0.0013772608318869566,0.016666666666666666,2,-0.0413178249566087,-0.08281244589327386
GAPB.MX,GRUPO AEROPORTUARIO DEL PACIFICO,MEXICO,INDUS,-0.0014109944779765542,0.020000000000000004,1,-0.0705497238988277,-0.07054972389882774
CPIN.JK,CHAROEN POKPHAND INDO.,INDONESIA,COSTP,-0.001482753906803971,0.009865578774245553,13,-0.013941939172171423,-0.1846575024472621
006400.KS,SAMSUNG SDI,SOUTH KOREA,INDUS,-0.0015466927086622427,0.008656319290465632,82,0.010762751470664795,0.47267312838860187
BBSE3.SA,BB SEGURIDADE ON,BRAZIL,FINAN,-0.001636090245645778,0.00297637126412857,36,-0.028193902043222967,-0.7218908660472192
0257.HK,CHINA EVERBRIGHT ENVIRONMENT GROUP,HONG KONG,UTILS,-0.0016487486469157846,0.005,4,-0.08243743234578924,-0.2986414685416865
000002.SZ,CHINA VANKE 'A',CHINA,RLEST,-0.0016497681510367372,0.02857142857142857,1,-0.0577418852862858,-0.057741885286285766
SCCO.K,SOUTHERN COPPER,UNITED STATES,BMATR,-0.0016523777308971041,0.006272522650102204,27,0.0027202240845260774,-0.027284300041631626
APNJ.J,ASPEN PHMCR.HDG.,SOUTH AFRICA,HLTHC,-0.0017366661649212902,0.05,1,-0.0347333232984258,-0.03473332329842582
INED.NS,INFO EDGE (INDIA),INDIA,TECNO,-0.0017604455521883005,0.016083916083916086,12,-0.01143654834464841,-0.17732464786078006
047810.KS,KOREA AEROSPACE INDS.,SOUTH KOREA,INDUS,-0.0018797779653951358,0.0025235690235690233,36,-0.01334822923796094,-0.4915532850343981
0916.HK,CHIN.LONGYUAN PWR.GP.'H',CHINA,UTILS,-0.0019412443959740452,0.05000000000000001,3,-0.012941629306493627,-0.055509822115589635
AOT.BK,AIRPORTS OF THAILAND,THAILAND,INDUS,-0.001984425355701211,0.008398940864960283,103,0.004778423343428953,0.23490573626344857
ADAG.NS,ADANI TOTAL GAS,INDIA,UTILS,-0.0020065389551057523,0.0370230805904555,36,-0.0022293497354033812,-0.645747447324169
068760.KQ,CELLTRION PHARM,SOUTH KOREA,HLTHC,-0.002045961822053998,0.004009247283932969,12,-0.024732998533436593,-0.31373337212069496
329180.KS,HD HYUNDAI HEAVY INDUSTRIES,SOUTH KOREA,INDUS,-0.002069685151348933,0.018181818181818184,2,-0.05691634166209565,-0.11069265813997164
1810.HK,XIAOMI,CHINA,TELCM,-0.002187725287111987,0.00818181818181818,11,0.004068086187947227,-0.028886466672271016
CHILE.SN,BANCO DE CHILE,CHILE,FINAN,-0.00222076709369606,0.003498556591004775,71,0.0013095586042538533,-0.08771496534382617
BCI.SN,BANCO DE CREDITO E INVERSION,CHILE,FINAN,-0.002226844067046024,0.00633795433645095,32,-0.0024024750649560326,-0.14223845617340203
DIVI.NS,DIVIS LABORATORIES,INDIA,HLTHC,-0.0022727398689162356,0.004315552825271638,50,0.010907024317742797,0.492637359036455
010060.KS,OCI HOLDINGS COMPANY,SOUTH KOREA,BMATR,-0.0022850537351471714,0.002857142857142857,12,-0.07270625520922819,-0.5934888825898247
BATO.KL,BRIT.AMER.TOB.(MALAYSIA),MALAYSIA,COSTP,-0.0023446222507853298,0.007126436802386484,29,-0.012485424635877998,-0.3537025297082287
300760.SZ,SHN.MINDRAY BMED. ELTN. 'A',CHINA,HLTHC,-0.0024393955759139294,0.004588380735788477,44,-0.006775734428763661,-0.3595061360850855
603288.SS,FOSHAN HAI TIAN FLFD.'A',CHINA,COSTP,-0.0024427108343328123,0.006730668579280723,16,-0.03928906924985045,-0.48936776579996577
6862.HK,HAIDILAO INTERNATIONAL HOLDING,CHINA,CODIS,-0.0024665131626034563,0.0017424242429718133,24,-0.06606605904409014,-0.8147826916775357
1476.TW,ECLAT TEXTILE,TAIWAN,CODIS,-0.002530011705408297,0.021462488129154796,9,-0.012562773457578023,-0.15311620578620355
TISC.NS,TATA STEEL,INDIA,BMATR,-0.00256560368166614,0.022222222222222223,2,-0.057726082837488146,-0.1168513880112293
UPLL.NS,UPL,INDIA,BMATR,-0.0025751502684815807,0.005189027205311832,43,0.004186366267985656,-0.06425130937120727
BSANTANDER.SN,BANCO SANTANDER CHILE,CHILE,FINAN,-0.0025931206236413044,0.003938039115793334,60,0.0018731836017470203,-0.05878282309713534
010130.KS,KOREA ZINC,SOUTH KOREA,BMATR,-0.002650008336775876,0.005232833997774929,84,-0.001255163114765902,-0.326759794672727
TTEX.NS,TATA ELXSI,INDIA,TECNO,-0.0026989022580993336,0.018205128205128207,26,-0.007522621117413017,-0.23495625490713723
KIMBERA.MX,KIMBERLY,MEXICO,COSTP,-0.00278119829843828,0.00839357669202059,67,-0.0029854560101928813,-0.3083829235859954
2359.HK,WUXI APPTEC 'H',CHINA,HLTHC,-0.0028229508353601928,0.004999999968531889,6,-0.0611591773265612,-0.3541643995210644
GAIL.NS,GAIL (INDIA),INDIA,ENEGY,-0.0029408381262323305,0.014181943400268201,9,-0.03213416001988758,-0.2691954314246273
1548.HK,GENSCRIPT BIOTECH,CHINA,HLTHC,-0.002969435357454449,0.00800000099682328,5,-0.07423588936578344,-0.3888271955924526
002790.KS,AMOREPACIFIC GROUP,SOUTH KOREA,CODIS,-0.0030531295155113505,0.016893533495680405,43,-0.005264346452868446,-0.3498142472462904
SOLJ.J,SASOL,SOUTH AFRICA,BMATR,-0.0031525679964881305,0.020000000000000004,2,-0.07881419991220324,-0.15142107210573263
601012.SS,LONGI GREEN EN.TECH.'A',CHINA,ENEGY,-0.00315804386206183,0.003596349002559181,31,-0.019458778720478166,-0.5632886413374852
1801.HK,INNOVENT BIOLOGICS,CHINA,HLTHC,-0.0031695154191987407,0.0038518279326673808,6,-0.08486060449618031,-0.44276126999054244
ATHM.K,AUTOHOME ADS 1:4,CHINA,TECNO,-0.003245636848438871,0.022222222222222223,2,-0.0730268290898746,-0.141678495661407
019170.KS,SHIN POONG PHARM.,SOUTH KOREA,HLTHC,-0.0033027199711417867,0.0037676637036844515,11,-0.07286296322824534,-0.6170551644235684
603259.SS,WUXI APPTEC 'A',CHINA,HLTHC,-0.003441749423144202,0.00800000090005875,8,-0.053777333400820845,-0.3853929670598025
COAL.NS,COAL INDIA,INDIA,ENEGY,-0.0036825546404602796,0.004854178601482587,53,-0.016791029154283727,-0.6428966209505442
1177.HK,SINO BIOPHM.,HONG KONG,HLTHC,-0.003690508260399624,0.026641294854497448,14,-0.0031527012148375067,-0.17205641446690567
LHCJ.J,LIFE HEALTHCARE GP.HDG.,SOUTH AFRICA,HLTHC,-0.0037251986827454803,0.05,4,-0.0186259934137274,-0.07471667227770229
TEML.NS,TECH MAHINDRA,INDIA,TECNO,-0.0038155845436745467,0.023096546310832026,14,-0.02446840708918736,-0.3310416162987767
PIRA.NS,PIRAMAL ENTERPRISES,INDIA,FINAN,-0.0038687484213115993,0.005261904879831435,6,-0.0322063026962791,-0.23146111847659767
011070.KS,LG INNOTEK,SOUTH KOREA,TECNO,-0.003913841882521387,0.015384615384615385,10,-0.025439972236389007,-0.2982726936622814
BH.BK,BUMRUNGRAD HOSPITAL,THAILAND,HLTHC,-0.003923443441832837,0.01625948930261404,23,-0.00015778844457470432,-0.04652465525226257
CIPL.NS,CIPLA,INDIA,HLTHC,-0.004119424539279569,0.029285714285636668,16,-0.017184997436960062,-0.2667605648591236
066570.KS,LG ELECTRONICS,SOUTH KOREA,CODIS,-0.00415183280202969,0.004349747474747475,8,-0.054025957888792886,-0.3784056175299163
LPPF.JK,MATAHARI DEPARTMENT STORE,INDONESIA,CODIS,-0.00415848734992621,0.017350427350427352,36,-0.007193018199807373,-0.351925186239028
032830.KS,SAMSUNG LIFE INSURANCE,SOUTH KOREA,FINAN,-0.0042433675914319525,0.0026555933978833425,87,-0.0027670043574602567,-0.3691368114626401
BIDU.O,BAIDU ADS 1:8,CHINA,TECNO,-0.004294941986068265,0.025,4,-0.04294941986068265,-0.16387259010896882
SHCM.NS,SHREE CEMENT,INDIA,INDUS,-0.004439069491182315,0.011728191000918273,33,0.006468484701146763,0.1297325719060478
600309.SS,WANHUA CHEMICAL GP.'A',CHINA,BMATR,-0.00444685138477617,0.017277029290291245,3,-0.07858855385104933,-0.22998095952631326
WIPR.NS,WIPRO,INDIA,TECNO,-0.004600489477800759,0.01899396238681953,28,-0.012792570403748938,-0.3615271956169107
UNTR.JK,UNITED TRACTORS,INDONESIA,BMATR,-0.004642794704767657,0.005225925973457231,84,0.0002922669842426747,-0.21871711647250913
1024.HK,KUAISHOU TECHNOLOGY,CHINA,TECNO,-0.004726070136765793,0.020000000000000004,1,-0.2363035068382896,-0.2363035068382896
071050.KS,KOREA INVESTMENT HDG.,SOUTH KOREA,FINAN,-0.004818141399071497,0.004754689754686682,12,-0.06140382686890811,-0.559304595966156
BILI.O,BILIBILI ADR 1:1,CHINA,TECNO,-0.004819773179252019,0.018181818181818184,7,-0.037869646408408716,-0.29554833611379383
JFC.PS,JOLLIBEE FOODS,PHILIPPINES,CODIS,-0.004896305380811849,0.014073614557485526,31,-0.016895118016915792,-0.4268785553947213
ADVANC.BK,ADVANCED INFO SER.,THAILAND,TELCM,-0.004911965477150062,0.0226533331678446,75,0.0019155033160237322,-0.04058199447137234
UNVR.JK,UNILEVER INDONESIA,INDONESIA,COSTP,-0.004932291318566784,0.008818336829519645,96,-0.000861687539985404,-0.2592119142403506
2207.TW,HOTAI MOTOR,TAIWAN,CODIS,-0.005113518095144727,0.0045703185703185704,20,-0.01731902551036176,-0.3628534218448346
SUZB3.SA,SUZANO ON,BRAZIL,BMATR,-0.0052362187886290145,0.010120958229946147,31,0.026725798877822452,0.7719679337615624
FALABELLA.SN,FALABELLA SACI,CHILE,CODIS,-0.005259438355651451,0.016248620561576273,38,-0.007610817029782316,-0.29731775756404666
302440.KS,SK BIOSCIENCE,SOUTH KOREA,HLTHC,-0.005269644403134569,0.008000000599935672,12,-0.05988231696530024,-0.5726894093237557
1093.HK,CSPC PHARMACEUTICAL GP.,CHINA,HLTHC,-0.005331350860447109,0.027279915272811952,15,-0.014348204024458506,-0.28410250365616274
VIPS.K,VIPSHOP HOLDINGS SPONSORED ADS 5:1,CHINA,CODIS,-0.005459340643169377,0.015384615384615385,8,-0.044357142725751184,-0.3359668759082667
1193.HK,CHINA RESOURCES GAS GROUP,HONG KONG,UTILS,-0.005754566658605078,0.009106141437294775,31,-0.010584551446487673,-0.3547130747966707
012330.KS,HYUNDAI MOBIS,SOUTH KOREA,CODIS,-0.005772457205922365,0.022222222222222223,11,-0.02361459766059149,-0.24435150527828264
6969.HK,SMOORE INTERNATIONAL HOLDINGS,CHINA,COSTP,-0.005946298556542715,0.013845593532710795,6,-0.11688924234964437,-0.5638008289389964
2327.TW,YAGEO,TAIWAN,TECNO,-0.006036447145898571,0.022222222222222223,2,-0.13582006078271786,-0.2537923826236992
CLSJ.J,CLICKS GROUP,SOUTH AFRICA,COSTP,-0.006150024380128909,0.005853893105752086,19,-0.03629331065739355,-0.5255610561676094
030000.KS,CHEIL WORLDWIDE,SOUTH KOREA,CODIS,-0.006252012358849897,0.022222222222222223,8,-0.03516756951853067,-0.291369749205143
008770.KS,HOTEL SHILLA,SOUTH KOREA,CODIS,-0.006311196211571937,0.015248252711329948,30,-0.016665836581872217,-0.5386273632095775
004020.KS,HYUNDAI STEEL,SOUTH KOREA,BMATR,-0.006321589400131501,0.004755959273162715,63,-0.019151689668980145,-0.7722038927319301
005380.KS,HYUNDAI MOTOR,SOUTH KOREA,CODIS,-0.0064191251304947725,0.022222222222222223,11,-0.02626005735202407,-0.2812436321871872
011790.KS,SKC,SOUTH KOREA,BMATR,-0.006466934763322923,0.019308201724264114,12,-0.027828891214681854,-0.3861443945678127
2018.HK,AAC TECHNOLOGIES HDG.,CHINA,TECNO,-0.006524083588743421,0.02398989898989899,11,-0.024350892260935068,-0.28611577367467667
ENELAM.SN,ENEL AMERICAS,CHILE,UTILS,-0.00671232155849053,0.014152811917071817,58,-0.006428590463490272,-0.4468478924572925
APSE.NS,ADANI PORTS AND SEZ.,INDIA,INDUS,-0.006915398436363175,0.008373143196672608,68,-0.01139906641480284,-0.6660719082428972
HMSP.JK,HM SAMPOERNA,INDONESIA,COSTP,-0.006918722738614389,0.003913015257469964,44,-0.0092223251202315,-0.39929329875605224
HALC.NS,HINDALCO INDUSTRIES,INDIA,BMATR,-0.006985800165631674,0.016249285204323668,9,-0.04169420491617116,-0.3897664502389736
251270.KS,NETMARBLE,SOUTH KOREA,CODIS,-0.00706432396883662,0.006923661118276971,20,-0.03166282129589723,-0.5261104084937734
096770.KS,SK INNOVATION,SOUTH KOREA,ENEGY,-0.007358850661245525,0.005654544611646749,90,0.003099484515465432,-0.44330142493227487
SUN.NS,SUN PHARM.INDUSTRIES,INDIA,HLTHC,-0.007451299858403096,0.024811956830332004,86,-0.003093594900726702,-0.4127079920793437
6618.HK,JD HEALTH INTERNATIONAL,CHINA,COSTP,-0.007521763231227022,0.009107356119626478,10,-0.07137358281405212,-0.5568766811207301
AMSJ.J,ANGLO AMERICAN PLATINUM,SOUTH AFRICA,BMATR,-0.007879828454124558,0.0069283655098044405,21,-0.020147417734933965,-0.4643367783431537
REDY.NS,DR REDDYS LABORATORIES,INDIA,HLTHC,-0.008134702160300794,0.04393939413728278,12,-0.014104998727885183,-0.224064448722761
051910.KS,LG CHEM,SOUTH KOREA,INDUS,-0.008320213370480155,0.004755244755244754,91,0.004722710094811877,-0.08171381982919523
373220.KS,LG ENERGY SOLUTION,SOUTH KOREA,INDUS,-0.008753699411017564,0.018181818181818184,26,-0.018517441061767923,-0.46304774186535025
034020.KS,DOOSAN ENERBILITY,SOUTH KOREA,INDUS,-0.008849890691393032,0.020000000000000004,6,-0.07374908909494192,-0.41139798690423357
NRPJ.J,NEPI ROCKCASTLE,NETHERLANDS,RLEST,-0.01001694330552518,0.02312147716229349,49,0.0005542627012883426,-0.27872485601457764
MXSC.KL,MAXIS,MALAYSIA,TELCM,-0.010350655561504897,0.03733333333276268,27,-0.009840818673625447,-0.26658703230013403
BEKE.K,KE HOLDINGS ADR 1:3,CHINA,RLEST,-0.010656392335689619,0.006831867961271332,22,-0.012751605189763456,-0.6114144605807335
018260.KS,SAMSUNG SDS,SOUTH KOREA,TECNO,-0.010672788711397374,0.02328251852524603,60,-0.008338733725568337,-0.5702170358496297
IMPJ.J,IMPALA PLATINUM,SOUTH AFRICA,BMATR,-0.01211652374499029,0.014158354598534572,3,-0.17202300341346402,-0.4953053320929768
LUPN.NS,LUPIN,INDIA,HLTHC,-0.013002989028779556,0.023146997929606627,23,-0.02271332837482091,-0.4535333077840369
009830.KS,HANWHA SOLUTIONS,SOUTH KOREA,ENEGY,-0.01300924776386877,0.005999127633309858,75,-0.018700758671402837,-0.8504497106092564
0268.HK,KINGDEE INTL. SOFTWARE GROUP,CHINA,TECNO,-0.01383720381441971,0.016783216783216783,14,-0.05652651648955094,-0.6264985656366688
WB.O,WEIBO ADR 1:1,CHINA,TECNO,-0.016435099579029812,0.022222222222222223,9,-0.08217549789514905,-0.5445705024311182
VAKR.NS,VAKRANGEE,INDIA,TECNO,-0.01692234191922005,0.022222222222222223,3,-0.2538351287883008,-0.7381083497791026
8083.HK,YOUZAN TECHNOLOGY,HONG KONG,TECNO,-0.017767166887245986,0.018181818181818184,7,-0.13959916839978986,-0.6756434336043446
YESB.NS,YES BANK,INDIA,FINAN,-0.01996971287516545,0.00497789124337327,28,-0.06584034645997959,-0.9104835008139949
0384.HK,CHINA GAS HOLDINGS,HONG KONG,UTILS,-0.02032675120600739,0.009248417635185304,61,0.0005189839860656974,-0.22430616256396585
EA.BK,ENERGY ABSOLUTE,THAILAND,UTILS,-0.023627860206159867,0.03714285714285715,21,-0.03390573691241387,-0.563339328853677
128940.KS,HANMI PHARM,SOUTH KOREA,HLTHC,-0.03307072701562598,0.027367407379184926,36,-0.03527726434320177,-0.7902473448630014
